scope	path	bytes	git_blob	action
origin/main@acc469312c8366e4b0438e702a5f435779e7a125	7.（创灵境）2026年第二届重庆市AI大模型创新应用大赛企业出题.docx	35554	d8ecf81a7367151724f3edb3f41ccdfbdd652052	RETAIN_BRANCH_HISTORY_OWNER_COORDINATION_ONLY
origin/main@acc469312c8366e4b0438e702a5f435779e7a125	药衡智析/增量源码交接/public_source_candidate/05_原型/scripts/verify.py	7776	8b9bc165d4299d76487d12efe90f1ec5551bd32d	RETAIN_BRANCH_HISTORY_OWNER_COORDINATION_ONLY
origin/main@acc469312c8366e4b0438e702a5f435779e7a125	药衡智析_增量源码交接/SHA256.json	60666	9e9e1991515a47e5012664874b18d1afbca0a1f0	RETAIN_BRANCH_HISTORY_OWNER_COORDINATION_ONLY
origin/main@acc469312c8366e4b0438e702a5f435779e7a125	药衡智析_增量源码交接/public_source_candidate/03_研究/report_chart_corpus.sql	681	1fd0c8cd989223f7c1e68428b0a6436c50ef833f	RETAIN_BRANCH_HISTORY_OWNER_COORDINATION_ONLY
origin/main@acc469312c8366e4b0438e702a5f435779e7a125	药衡智析_增量源码交接/public_source_candidate/03_研究/report_chart_scenarios.sql	1248	2b6ff05daf4ecedb5088c17da80708835e40e0d4	RETAIN_BRANCH_HISTORY_OWNER_COORDINATION_ONLY
origin/main@acc469312c8366e4b0438e702a5f435779e7a125	药衡智析_增量源码交接/public_source_candidate/03_研究/report_table_scenarios.sql	885	6246a7a9d1b7d504d41e61bd389304ae36cfca57	RETAIN_BRANCH_HISTORY_OWNER_COORDINATION_ONLY
origin/main@acc469312c8366e4b0438e702a5f435779e7a125	药衡智析_增量源码交接/public_source_candidate/03_研究/report_table_stack.sql	1139	c5e5add0fa42f41aee53f655a1d071bf2d80c318	RETAIN_BRANCH_HISTORY_OWNER_COORDINATION_ONLY
origin/main@acc469312c8366e4b0438e702a5f435779e7a125	药衡智析_增量源码交接/public_source_candidate/03_研究/制药成本模拟数据深度分析.ipynb	23051	df2ab412f8c24532419f2ca29867863316484e6e	RETAIN_BRANCH_HISTORY_OWNER_COORDINATION_ONLY
origin/main@acc469312c8366e4b0438e702a5f435779e7a125	药衡智析_增量源码交接/public_source_candidate/03_研究/外部资料/权威来源清单.md	1453	3a91f83ed1f593fd5e5705ab28640c6dddae8a46	RETAIN_BRANCH_HISTORY_OWNER_COORDINATION_ONLY
origin/main@acc469312c8366e4b0438e702a5f435779e7a125	药衡智析_增量源码交接/public_source_candidate/03_研究/开源项目/GitHub开源项目筛选.md	1699	f9f3217529c736d9f149bb1335a456bc1b84b2c1	RETAIN_BRANCH_HISTORY_OWNER_COORDINATION_ONLY
origin/main@acc469312c8366e4b0438e702a5f435779e7a125	药衡智析_增量源码交接/public_source_candidate/04_方案与文档/placeholder_map.json	45846	d5e479fcf7f39e14c327df6d091f44f859b63061	RETAIN_BRANCH_HISTORY_OWNER_COORDINATION_ONLY
origin/main@acc469312c8366e4b0438e702a5f435779e7a125	药衡智析_增量源码交接/public_source_candidate/04_方案与文档/月度成本分析报告工作模板.docx	30791	2bcb1c53ce30e5cb7d3414d50a2ed7ad399d7f2a	RETAIN_BRANCH_HISTORY_OWNER_COORDINATION_ONLY
origin/main@acc469312c8366e4b0438e702a5f435779e7a125	药衡智析_增量源码交接/public_source_candidate/04_方案与文档/系统初步方案.md	2646	cbffaf6cce7c63b6d324c9c28175f21958fcc436	RETAIN_BRANCH_HISTORY_OWNER_COORDINATION_ONLY
origin/main@acc469312c8366e4b0438e702a5f435779e7a125	药衡智析_增量源码交接/public_source_candidate/04_方案与文档/赛题逐条合规审计与详细技术方案.md	10501	8baa6c95806905a2b336e21d2eb9769bbe1611c7	RETAIN_BRANCH_HISTORY_OWNER_COORDINATION_ONLY
origin/main@acc469312c8366e4b0438e702a5f435779e7a125	药衡智析_增量源码交接/public_source_candidate/05_原型/frontend/dist/.build-inputs	64	75ddf41b65e44c9d1cba3330ebb7b1be022c151e	RETAIN_BRANCH_HISTORY_OWNER_COORDINATION_ONLY
origin/main@acc469312c8366e4b0438e702a5f435779e7a125	药衡智析_增量源码交接/public_source_candidate/05_原型/frontend/dist/assets/index-BsEabuMe.js	754914	e4ddcd5f76d70436ed95e2e012382583b41bd1e9	RETAIN_BRANCH_HISTORY_OWNER_COORDINATION_ONLY
origin/main@acc469312c8366e4b0438e702a5f435779e7a125	药衡智析_增量源码交接/public_source_candidate/05_原型/frontend/dist/assets/index-CQZZKMlN.css	10669	e3f8061a50da76e705333349aa790050a2b5db0a	RETAIN_BRANCH_HISTORY_OWNER_COORDINATION_ONLY
origin/main@acc469312c8366e4b0438e702a5f435779e7a125	药衡智析_增量源码交接/public_source_candidate/05_原型/frontend/dist/favicon.svg	247	e816df0d9cf0f2187de6f7030825228017ad1bb0	RETAIN_BRANCH_HISTORY_OWNER_COORDINATION_ONLY
origin/main@acc469312c8366e4b0438e702a5f435779e7a125	药衡智析_增量源码交接/public_source_candidate/05_原型/frontend/dist/index.html	490	7492bfb287db070e7f364b836d3cd8a46f17c605	RETAIN_BRANCH_HISTORY_OWNER_COORDINATION_ONLY
origin/main@acc469312c8366e4b0438e702a5f435779e7a125	药衡智析_增量源码交接/public_source_candidate/05_原型/scripts/package_handoff.py	7604	b58a046ab1111be39678220651ed4a24e16cddea	RETAIN_BRANCH_HISTORY_OWNER_COORDINATION_ONLY
origin/main@acc469312c8366e4b0438e702a5f435779e7a125	药衡智析_增量源码交接/public_source_candidate/05_原型/scripts/render_pages.py	1778	3c82294ff7ff6204ee52b7e1de3169d38daf8b64	RETAIN_BRANCH_HISTORY_OWNER_COORDINATION_ONLY
origin/main@acc469312c8366e4b0438e702a5f435779e7a125	药衡智析_增量源码交接/public_source_candidate/05_原型/scripts/unpack_acceptance.py	5207	96e31644145c7e06640ee559e1922f09ad3dbdd8	RETAIN_BRANCH_HISTORY_OWNER_COORDINATION_ONLY
origin/main@acc469312c8366e4b0438e702a5f435779e7a125	药衡智析_增量源码交接/public_source_candidate/05_原型/scripts/verify_rpa_live.py	3959	f1a7c86aa40526480633ebe27f1d33527a9ff849	RETAIN_BRANCH_HISTORY_OWNER_COORDINATION_ONLY
origin/main@acc469312c8366e4b0438e702a5f435779e7a125	药衡智析_增量源码交接/public_source_candidate/05_原型/tests/e2e.mjs	9568	5690b65f97302e5ad7032cd0f71f9214588cfca4	RETAIN_BRANCH_HISTORY_OWNER_COORDINATION_ONLY
origin/main@acc469312c8366e4b0438e702a5f435779e7a125	药衡智析_增量源码交接/public_source_candidate/05_原型/tests/e2e_final_artifacts.mjs	2559	91726514152cc77f30906348a2159fa9e4313f7b	RETAIN_BRANCH_HISTORY_OWNER_COORDINATION_ONLY
origin/main@acc469312c8366e4b0438e702a5f435779e7a125	药衡智析_增量源码交接/public_source_candidate/05_原型/tests/e2e_incremental_20260916.mjs	14772	054dc02bc1fc6a9c1f3e397a1cae0050a1617e42	RETAIN_BRANCH_HISTORY_OWNER_COORDINATION_ONLY
origin/main@acc469312c8366e4b0438e702a5f435779e7a125	药衡智析_增量源码交接/public_source_candidate/05_原型/tests/e2e_narrative.mjs	4524	fbbeffa2ac6a4a69ef82f7510e15da8cc832f19d	RETAIN_BRANCH_HISTORY_OWNER_COORDINATION_ONLY
origin/main@acc469312c8366e4b0438e702a5f435779e7a125	药衡智析_增量源码交接/public_source_candidate/05_原型/tests/e2e_plan_incremental_20260916.mjs	5756	95f756e1850cd014ec39177444fe126a6b2e6163	RETAIN_BRANCH_HISTORY_OWNER_COORDINATION_ONLY
origin/main@acc469312c8366e4b0438e702a5f435779e7a125	药衡智析_增量源码交接/public_source_candidate/05_原型/tests/e2e_recovery.mjs	3048	a70a810696ef11586b4bf5ecf454812be2a0f31d	RETAIN_BRANCH_HISTORY_OWNER_COORDINATION_ONLY
origin/main@acc469312c8366e4b0438e702a5f435779e7a125	药衡智析_增量源码交接/public_source_candidate/05_原型/tests/e2e_report_artifact.mjs	3279	58b19d2460eb846296661a0ac50b04ab13626ac4	RETAIN_BRANCH_HISTORY_OWNER_COORDINATION_ONLY
origin/main@acc469312c8366e4b0438e702a5f435779e7a125	药衡智析_增量源码交接/public_source_candidate/05_原型/tests/e2e_windows.mjs	3229	96f06be71216e6794be0881bf1f3bf86ca4dedc8	RETAIN_BRANCH_HISTORY_OWNER_COORDINATION_ONLY
origin/main@acc469312c8366e4b0438e702a5f435779e7a125	药衡智析_增量源码交接/public_source_candidate/05_原型/tests/test_incremental_reports.py	1355	746ba9f58940498a473051f989cda3c9088e0344	RETAIN_BRANCH_HISTORY_OWNER_COORDINATION_ONLY
origin/main@acc469312c8366e4b0438e702a5f435779e7a125	药衡智析_增量源码交接/public_source_candidate/05_原型/tests/test_ingestion.py	2300	5b65c09b2c085b26765c0ec9a9ef805d754321ac	RETAIN_BRANCH_HISTORY_OWNER_COORDINATION_ONLY
origin/main@acc469312c8366e4b0438e702a5f435779e7a125	药衡智析_增量源码交接/public_source_candidate/05_原型/tests/test_knowledge.py	994	0be67cdca0fedbf347b5a17bdffbbc748a052bec	RETAIN_BRANCH_HISTORY_OWNER_COORDINATION_ONLY
origin/main@acc469312c8366e4b0438e702a5f435779e7a125	药衡智析_增量源码交接/public_source_candidate/05_原型/tests/test_metrics.py	8891	a50094068a9e36e68fcfdc7946bebb16bab45897	RETAIN_BRANCH_HISTORY_OWNER_COORDINATION_ONLY
origin/main@acc469312c8366e4b0438e702a5f435779e7a125	药衡智析_增量源码交接/public_source_candidate/05_原型/tests/test_narrative.py	14718	132fd8466d0102275736ea6bb389b911aff07ab6	RETAIN_BRANCH_HISTORY_OWNER_COORDINATION_ONLY
origin/main@acc469312c8366e4b0438e702a5f435779e7a125	药衡智析_增量源码交接/public_source_candidate/05_原型/tests/test_reports.py	2563	784941049c16b7cb46536fbdc21798f2c3b2add7	RETAIN_BRANCH_HISTORY_OWNER_COORDINATION_ONLY
origin/main@acc469312c8366e4b0438e702a5f435779e7a125	药衡智析_增量源码交接/public_source_candidate/05_原型/tests/test_retrieval_incremental.py	11209	160760fedcd6c5c59aa7d98ff3a3df77ad9d9238	RETAIN_BRANCH_HISTORY_OWNER_COORDINATION_ONLY
origin/main@acc469312c8366e4b0438e702a5f435779e7a125	药衡智析_增量源码交接/public_source_candidate/06_评测/dual_model/20260917/FLASH_VISUAL_ROLE.md	2453	465d061d249091aa1e41d1fc584cbb1f8c7434e3	RETAIN_BRANCH_HISTORY_OWNER_COORDINATION_ONLY
origin/main@acc469312c8366e4b0438e702a5f435779e7a125	药衡智析_增量源码交接/public_source_candidate/06_评测/dual_model/20260917/STATUS.md	3992	caaa4b5bba48dbdba0aaec5dff3f69c5e20a9c27	RETAIN_BRANCH_HISTORY_OWNER_COORDINATION_ONLY
origin/main@acc469312c8366e4b0438e702a5f435779e7a125	药衡智析_增量源码交接/public_source_candidate/06_评测/dual_model/20260917/visual/v0-browser-final/input/1366_benchmark.png	527010	e00974c5e257decdd0f64de8b2bd8c19dd9e145b	RETAIN_BRANCH_HISTORY_OWNER_COORDINATION_ONLY
origin/main@acc469312c8366e4b0438e702a5f435779e7a125	药衡智析_增量源码交接/public_source_candidate/06_评测/dual_model/20260917/visual/v0-browser-final/input/1366_cost.png	117879	d8bf7552c4d18d7419a3d9289be251bf3f5e4a7e	RETAIN_BRANCH_HISTORY_OWNER_COORDINATION_ONLY
origin/main@acc469312c8366e4b0438e702a5f435779e7a125	药衡智析_增量源码交接/public_source_candidate/06_评测/dual_model/20260917/visual/v0-browser-final/input/1366_evidence.png	202409	bfe3539dc110d5914704695c89b0f2170ca8753c	RETAIN_BRANCH_HISTORY_OWNER_COORDINATION_ONLY
origin/main@acc469312c8366e4b0438e702a5f435779e7a125	药衡智析_增量源码交接/public_source_candidate/06_评测/dual_model/20260917/visual/v0-browser-final/input/1366_quarter.png	122206	bd1c25ed696b3a1fa1c974a097e07c3f4a58f05a	RETAIN_BRANCH_HISTORY_OWNER_COORDINATION_ONLY
origin/main@acc469312c8366e4b0438e702a5f435779e7a125	药衡智析_增量源码交接/public_source_candidate/06_评测/dual_model/20260917/visual/v0-browser-final/request.json	955	94fe362be8e60b6712a9dfa09a65caac687ed587	RETAIN_BRANCH_HISTORY_OWNER_COORDINATION_ONLY
origin/main@acc469312c8366e4b0438e702a5f435779e7a125	药衡智析_增量源码交接/public_source_candidate/06_评测/dual_model/20260917/visual/v0-q2-pages/input/page-01.png	192968	72458b7bc9450775ce895bb4d8d668d06c8cf4ff	RETAIN_BRANCH_HISTORY_OWNER_COORDINATION_ONLY
origin/main@acc469312c8366e4b0438e702a5f435779e7a125	药衡智析_增量源码交接/public_source_candidate/06_评测/dual_model/20260917/visual/v0-q2-pages/input/page-02.png	183274	b2e0a19615703db6a5f6165281fc27d02a9ad2fa	RETAIN_BRANCH_HISTORY_OWNER_COORDINATION_ONLY
origin/main@acc469312c8366e4b0438e702a5f435779e7a125	药衡智析_增量源码交接/public_source_candidate/06_评测/dual_model/20260917/visual/v0-q2-pages/input/page-03.png	315901	a451725a50553123839d2e5a5804a700a5356dee	RETAIN_BRANCH_HISTORY_OWNER_COORDINATION_ONLY
origin/main@acc469312c8366e4b0438e702a5f435779e7a125	药衡智析_增量源码交接/public_source_candidate/06_评测/dual_model/20260917/visual/v0-q2-pages/input/page-04.png	185196	7bf1e5d2ad5424487330c1d88f4c3a858fab5dd2	RETAIN_BRANCH_HISTORY_OWNER_COORDINATION_ONLY
origin/main@acc469312c8366e4b0438e702a5f435779e7a125	药衡智析_增量源码交接/public_source_candidate/06_评测/dual_model/20260917/visual/v0-q2-pages/input/page-05.png	249031	d8fdd43c256958ad0c726f55e8556f7b008fd253	RETAIN_BRANCH_HISTORY_OWNER_COORDINATION_ONLY
origin/main@acc469312c8366e4b0438e702a5f435779e7a125	药衡智析_增量源码交接/public_source_candidate/06_评测/dual_model/20260917/visual/v0-q2-pages/input/page-06.png	288478	3b92804720b00f6170fea2eb097f359ee0a50723	RETAIN_BRANCH_HISTORY_OWNER_COORDINATION_ONLY
origin/main@acc469312c8366e4b0438e702a5f435779e7a125	药衡智析_增量源码交接/public_source_candidate/06_评测/dual_model/20260917/visual/v0-q2-pages/request.json	1833	29efd223bad8917dfbd1d32bb9ebd5851c72afc0	RETAIN_BRANCH_HISTORY_OWNER_COORDINATION_ONLY
origin/main@acc469312c8366e4b0438e702a5f435779e7a125	药衡智析_增量源码交接/public_source_candidate/06_评测/dual_model/20260917/visual/v0-s1-pages/input/page-01.png	187445	7b14343a8ba3913cf1271813a6f8a926b4d5db82	RETAIN_BRANCH_HISTORY_OWNER_COORDINATION_ONLY
origin/main@acc469312c8366e4b0438e702a5f435779e7a125	药衡智析_增量源码交接/public_source_candidate/06_评测/dual_model/20260917/visual/v0-s1-pages/input/page-02.png	149791	8620f4390565269cb3d907b497c185011a7597a2	RETAIN_BRANCH_HISTORY_OWNER_COORDINATION_ONLY
origin/main@acc469312c8366e4b0438e702a5f435779e7a125	药衡智析_增量源码交接/public_source_candidate/06_评测/dual_model/20260917/visual/v0-s1-pages/input/page-03.png	286141	b1c284c486a731d2425f9c0dd38725ab57c8216c	RETAIN_BRANCH_HISTORY_OWNER_COORDINATION_ONLY
origin/main@acc469312c8366e4b0438e702a5f435779e7a125	药衡智析_增量源码交接/public_source_candidate/06_评测/dual_model/20260917/visual/v0-s1-pages/input/page-04.png	156418	53c63f5abff15df2ec92851eef39313849e1e5a5	RETAIN_BRANCH_HISTORY_OWNER_COORDINATION_ONLY
origin/main@acc469312c8366e4b0438e702a5f435779e7a125	药衡智析_增量源码交接/public_source_candidate/06_评测/dual_model/20260917/visual/v0-s1-pages/input/page-05.png	247606	d93c44ed08dae6cb0b7cfd3b8a56f37e4f0d5482	RETAIN_BRANCH_HISTORY_OWNER_COORDINATION_ONLY
origin/main@acc469312c8366e4b0438e702a5f435779e7a125	药衡智析_增量源码交接/public_source_candidate/06_评测/dual_model/20260917/visual/v0-s1-pages/input/page-06.png	288441	4ae7c2eb1c28551e8052f097448f9b5d8db97e57	RETAIN_BRANCH_HISTORY_OWNER_COORDINATION_ONLY
origin/main@acc469312c8366e4b0438e702a5f435779e7a125	药衡智析_增量源码交接/public_source_candidate/06_评测/dual_model/20260917/visual/v0-s1-pages/request.json	1831	d717d9121cb3f78b9d60d7d2fa92fdc92f0e5bdd	RETAIN_BRANCH_HISTORY_OWNER_COORDINATION_ONLY
origin/main@acc469312c8366e4b0438e702a5f435779e7a125	药衡智析_增量源码交接/public_source_candidate/06_评测/dual_model/20260917/visual/v0-s2-pages/input/page-01.png	188290	e0c12b76b846f52c17e4fbf09eb7e08a448f1db9	RETAIN_BRANCH_HISTORY_OWNER_COORDINATION_ONLY
origin/main@acc469312c8366e4b0438e702a5f435779e7a125	药衡智析_增量源码交接/public_source_candidate/06_评测/dual_model/20260917/visual/v0-s2-pages/input/page-02.png	236144	75c07da818f9c51cdfedb0f0470a737a246cd992	RETAIN_BRANCH_HISTORY_OWNER_COORDINATION_ONLY
origin/main@acc469312c8366e4b0438e702a5f435779e7a125	药衡智析_增量源码交接/public_source_candidate/06_评测/dual_model/20260917/visual/v0-s2-pages/input/page-03.png	254414	1b3823477f7bfe44f71238e44ad79723a3017ca5	RETAIN_BRANCH_HISTORY_OWNER_COORDINATION_ONLY
origin/main@acc469312c8366e4b0438e702a5f435779e7a125	药衡智析_增量源码交接/public_source_candidate/06_评测/dual_model/20260917/visual/v0-s2-pages/input/page-04.png	234221	031771932c0e5e3e9b5e2ab86864b414ef7fd70e	RETAIN_BRANCH_HISTORY_OWNER_COORDINATION_ONLY
origin/main@acc469312c8366e4b0438e702a5f435779e7a125	药衡智析_增量源码交接/public_source_candidate/06_评测/dual_model/20260917/visual/v0-s2-pages/input/page-05.png	363621	cee1070cba0e28c88b66e4fbdca1cbff658be1a1	RETAIN_BRANCH_HISTORY_OWNER_COORDINATION_ONLY
origin/main@acc469312c8366e4b0438e702a5f435779e7a125	药衡智析_增量源码交接/public_source_candidate/06_评测/dual_model/20260917/visual/v0-s2-pages/request.json	1831	e3af9bff44eb9c8fca0c5c209825c0a5be0ebc11	RETAIN_BRANCH_HISTORY_OWNER_COORDINATION_ONLY
origin/main@acc469312c8366e4b0438e702a5f435779e7a125	药衡智析_增量源码交接/public_source_candidate/06_评测/dual_model/20260917/visual/v0-s3-pages/input/page-01.png	192372	ede886ef7f4827e49eb29ddb552fd69fabdaf62e	RETAIN_BRANCH_HISTORY_OWNER_COORDINATION_ONLY
origin/main@acc469312c8366e4b0438e702a5f435779e7a125	药衡智析_增量源码交接/public_source_candidate/06_评测/dual_model/20260917/visual/v0-s3-pages/input/page-02.png	158790	d9312bebb4aede11306868096a6e471b09d03139	RETAIN_BRANCH_HISTORY_OWNER_COORDINATION_ONLY
origin/main@acc469312c8366e4b0438e702a5f435779e7a125	药衡智析_增量源码交接/public_source_candidate/06_评测/dual_model/20260917/visual/v0-s3-pages/input/page-03.png	252229	67d34bf98198aa8b5922fea816a142a6cf8f7eb7	RETAIN_BRANCH_HISTORY_OWNER_COORDINATION_ONLY
origin/main@acc469312c8366e4b0438e702a5f435779e7a125	药衡智析_增量源码交接/public_source_candidate/06_评测/dual_model/20260917/visual/v0-s3-pages/input/page-04.png	222855	6a941cc5493df93d02a9ec3b015490c7aac70b6f	RETAIN_BRANCH_HISTORY_OWNER_COORDINATION_ONLY
origin/main@acc469312c8366e4b0438e702a5f435779e7a125	药衡智析_增量源码交接/public_source_candidate/06_评测/dual_model/20260917/visual/v0-s3-pages/input/page-05.png	249544	51e0aa936f926a02e0883e8cc9c73424d99f89d6	RETAIN_BRANCH_HISTORY_OWNER_COORDINATION_ONLY
origin/main@acc469312c8366e4b0438e702a5f435779e7a125	药衡智析_增量源码交接/public_source_candidate/06_评测/dual_model/20260917/visual/v0-s3-pages/input/page-06.png	290650	e9f36e825755b65714b74728e9fb056a97eaa910	RETAIN_BRANCH_HISTORY_OWNER_COORDINATION_ONLY
origin/main@acc469312c8366e4b0438e702a5f435779e7a125	药衡智析_增量源码交接/public_source_candidate/06_评测/dual_model/20260917/visual/v0-s3-pages/request.json	1834	919c18934ddfbc74d70b9b999ff85e10a0d5d1be	RETAIN_BRANCH_HISTORY_OWNER_COORDINATION_ONLY
origin/main@acc469312c8366e4b0438e702a5f435779e7a125	药衡智析_增量源码交接/public_source_candidate/06_评测/dual_model/20260917/visual/v1-browser-newbuild/input/1366_benchmark.png	52105	3dfcdeabed052e3498cc78682481822dd4e73394	RETAIN_BRANCH_HISTORY_OWNER_COORDINATION_ONLY
origin/main@acc469312c8366e4b0438e702a5f435779e7a125	药衡智析_增量源码交接/public_source_candidate/06_评测/dual_model/20260917/visual/v1-browser-newbuild/input/1366_cost.png	84061	9e65a2d9c7839da0aa8784ab4bc52ff0a4ac0972	RETAIN_BRANCH_HISTORY_OWNER_COORDINATION_ONLY
origin/main@acc469312c8366e4b0438e702a5f435779e7a125	药衡智析_增量源码交接/public_source_candidate/06_评测/dual_model/20260917/visual/v1-browser-newbuild/input/1366_evidence.png	68941	7a6c520df0c73b7a5a58e08be1ec89bfd7c85f45	RETAIN_BRANCH_HISTORY_OWNER_COORDINATION_ONLY
origin/main@acc469312c8366e4b0438e702a5f435779e7a125	药衡智析_增量源码交接/public_source_candidate/06_评测/dual_model/20260917/visual/v1-browser-newbuild/input/1366_quarter.png	61326	c6ec47b00e9c00b749f58edff7f73eb51838f375	RETAIN_BRANCH_HISTORY_OWNER_COORDINATION_ONLY
origin/main@acc469312c8366e4b0438e702a5f435779e7a125	药衡智析_增量源码交接/public_source_candidate/06_评测/dual_model/20260917/visual/v1-browser-newbuild/request.json	884	bbc7a8f2213fd5bf264e1be67c1fe3adb7c55de6	RETAIN_BRANCH_HISTORY_OWNER_COORDINATION_ONLY
origin/main@acc469312c8366e4b0438e702a5f435779e7a125	药衡智析_增量源码交接/public_source_candidate/06_评测/dual_model/20260917/visual/v1-q2-pages/input/page-01.png	148865	e7a41a5b94c513776825870d2cca81dc5a31c09f	RETAIN_BRANCH_HISTORY_OWNER_COORDINATION_ONLY
origin/main@acc469312c8366e4b0438e702a5f435779e7a125	药衡智析_增量源码交接/public_source_candidate/06_评测/dual_model/20260917/visual/v1-q2-pages/input/page-02.png	133171	cacc075d1422072dcdc115443a75de3a207c1262	RETAIN_BRANCH_HISTORY_OWNER_COORDINATION_ONLY
origin/main@acc469312c8366e4b0438e702a5f435779e7a125	药衡智析_增量源码交接/public_source_candidate/06_评测/dual_model/20260917/visual/v1-q2-pages/input/page-03.png	211657	8b99027f28ce56bdd0cb35cfafe57c7b92f7979d	RETAIN_BRANCH_HISTORY_OWNER_COORDINATION_ONLY
origin/main@acc469312c8366e4b0438e702a5f435779e7a125	药衡智析_增量源码交接/public_source_candidate/06_评测/dual_model/20260917/visual/v1-q2-pages/input/page-04.png	183444	215a60f500332cfd87003647ca794f732fdcccad	RETAIN_BRANCH_HISTORY_OWNER_COORDINATION_ONLY
origin/main@acc469312c8366e4b0438e702a5f435779e7a125	药衡智析_增量源码交接/public_source_candidate/06_评测/dual_model/20260917/visual/v1-q2-pages/input/page-05.png	149023	1df5cad63b3d9279d4be3fb1595d9a993bf5d765	RETAIN_BRANCH_HISTORY_OWNER_COORDINATION_ONLY
origin/main@acc469312c8366e4b0438e702a5f435779e7a125	药衡智析_增量源码交接/public_source_candidate/06_评测/dual_model/20260917/visual/v1-q2-pages/input/page-06.png	234289	abe17e4894537016c2627ea1d89fd271941df5a2	RETAIN_BRANCH_HISTORY_OWNER_COORDINATION_ONLY
origin/main@acc469312c8366e4b0438e702a5f435779e7a125	药衡智析_增量源码交接/public_source_candidate/06_评测/dual_model/20260917/visual/v1-q2-pages/request.json	1767	06b7e315a485358d1cede64f519b05613cf42cd7	RETAIN_BRANCH_HISTORY_OWNER_COORDINATION_ONLY
origin/main@acc469312c8366e4b0438e702a5f435779e7a125	药衡智析_增量源码交接/public_source_candidate/06_评测/dual_model/20260917/visual/v1-s1-pages/input/page-01.png	145497	3752c21008e23831ffa38a575e12db25c39098a3	RETAIN_BRANCH_HISTORY_OWNER_COORDINATION_ONLY
origin/main@acc469312c8366e4b0438e702a5f435779e7a125	药衡智析_增量源码交接/public_source_candidate/06_评测/dual_model/20260917/visual/v1-s1-pages/input/page-02.png	124918	ee9bcc6d85e523addb1577113c00fe0d41573fe8	RETAIN_BRANCH_HISTORY_OWNER_COORDINATION_ONLY
origin/main@acc469312c8366e4b0438e702a5f435779e7a125	药衡智析_增量源码交接/public_source_candidate/06_评测/dual_model/20260917/visual/v1-s1-pages/input/page-03.png	205576	b795debac606216c05160672ce15569465a2b5f1	RETAIN_BRANCH_HISTORY_OWNER_COORDINATION_ONLY
origin/main@acc469312c8366e4b0438e702a5f435779e7a125	药衡智析_增量源码交接/public_source_candidate/06_评测/dual_model/20260917/visual/v1-s1-pages/input/page-04.png	121581	5e1ffdf72492e06764fdbe828937be15e8f55af0	RETAIN_BRANCH_HISTORY_OWNER_COORDINATION_ONLY
origin/main@acc469312c8366e4b0438e702a5f435779e7a125	药衡智析_增量源码交接/public_source_candidate/06_评测/dual_model/20260917/visual/v1-s1-pages/input/page-05.png	148301	a872ff3f94c1408706edcaa45673914c92096442	RETAIN_BRANCH_HISTORY_OWNER_COORDINATION_ONLY
origin/main@acc469312c8366e4b0438e702a5f435779e7a125	药衡智析_增量源码交接/public_source_candidate/06_评测/dual_model/20260917/visual/v1-s1-pages/input/page-06.png	234258	6672e11c423db1137173097074ae8b9bcd495ed4	RETAIN_BRANCH_HISTORY_OWNER_COORDINATION_ONLY
origin/main@acc469312c8366e4b0438e702a5f435779e7a125	药衡智析_增量源码交接/public_source_candidate/06_评测/dual_model/20260917/visual/v1-s1-pages/request.json	1765	78b6c9a45d6c2359d601638d564f27d599bd0aaa	RETAIN_BRANCH_HISTORY_OWNER_COORDINATION_ONLY
origin/main@acc469312c8366e4b0438e702a5f435779e7a125	药衡智析_增量源码交接/public_source_candidate/06_评测/dual_model/20260917/visual/v1-s2-pages/input/page-01.png	145849	ff9369833cf8c6957db26ae08840f2b634275f71	RETAIN_BRANCH_HISTORY_OWNER_COORDINATION_ONLY
origin/main@acc469312c8366e4b0438e702a5f435779e7a125	药衡智析_增量源码交接/public_source_candidate/06_评测/dual_model/20260917/visual/v1-s2-pages/input/page-02.png	117585	de0588300d555766629fe86d3f6794b19634e774	RETAIN_BRANCH_HISTORY_OWNER_COORDINATION_ONLY
origin/main@acc469312c8366e4b0438e702a5f435779e7a125	药衡智析_增量源码交接/public_source_candidate/06_评测/dual_model/20260917/visual/v1-s2-pages/input/page-03.png	203795	c351cd8cb29bdd66ad50a2a38c15dfed4cc1b139	RETAIN_BRANCH_HISTORY_OWNER_COORDINATION_ONLY
origin/main@acc469312c8366e4b0438e702a5f435779e7a125	药衡智析_增量源码交接/public_source_candidate/06_评测/dual_model/20260917/visual/v1-s2-pages/input/page-04.png	118830	a92196d655572212066496b750a8e0f446f913a0	RETAIN_BRANCH_HISTORY_OWNER_COORDINATION_ONLY
origin/main@acc469312c8366e4b0438e702a5f435779e7a125	药衡智析_增量源码交接/public_source_candidate/06_评测/dual_model/20260917/visual/v1-s2-pages/input/page-05.png	147353	a85bd66e794b8704cef7702945c19cf9f1b8e40a	RETAIN_BRANCH_HISTORY_OWNER_COORDINATION_ONLY
origin/main@acc469312c8366e4b0438e702a5f435779e7a125	药衡智析_增量源码交接/public_source_candidate/06_评测/dual_model/20260917/visual/v1-s2-pages/input/page-06.png	236670	80881ec2a140ea8e64a6f1abce1f7a221941febc	RETAIN_BRANCH_HISTORY_OWNER_COORDINATION_ONLY
origin/main@acc469312c8366e4b0438e702a5f435779e7a125	药衡智析_增量源码交接/public_source_candidate/06_评测/dual_model/20260917/visual/v1-s2-pages/request.json	1765	e0154d86c34c1834e0b9da3ba1a34c041115811e	RETAIN_BRANCH_HISTORY_OWNER_COORDINATION_ONLY
origin/main@acc469312c8366e4b0438e702a5f435779e7a125	药衡智析_增量源码交接/public_source_candidate/06_评测/dual_model/20260917/visual/v1-s3-pages/input/page-01.png	148928	c358a116d7afc5eaf86600501cff8937cceede45	RETAIN_BRANCH_HISTORY_OWNER_COORDINATION_ONLY
origin/main@acc469312c8366e4b0438e702a5f435779e7a125	药衡智析_增量源码交接/public_source_candidate/06_评测/dual_model/20260917/visual/v1-s3-pages/input/page-02.png	132669	1d6141c93880858efe3a6037cb255fb8270dd261	RETAIN_BRANCH_HISTORY_OWNER_COORDINATION_ONLY
origin/main@acc469312c8366e4b0438e702a5f435779e7a125	药衡智析_增量源码交接/public_source_candidate/06_评测/dual_model/20260917/visual/v1-s3-pages/input/page-03.png	183724	6b7ace552e65795cabef67fb80b07ad4d0933be0	RETAIN_BRANCH_HISTORY_OWNER_COORDINATION_ONLY
origin/main@acc469312c8366e4b0438e702a5f435779e7a125	药衡智析_增量源码交接/public_source_candidate/06_评测/dual_model/20260917/visual/v1-s3-pages/input/page-04.png	162802	2c06e8d1bfc41e644250966250f5942c32185b1d	RETAIN_BRANCH_HISTORY_OWNER_COORDINATION_ONLY
origin/main@acc469312c8366e4b0438e702a5f435779e7a125	药衡智析_增量源码交接/public_source_candidate/06_评测/dual_model/20260917/visual/v1-s3-pages/input/page-05.png	149447	ad34b08acc9fc1bf176c904d9e684867004ac7ef	RETAIN_BRANCH_HISTORY_OWNER_COORDINATION_ONLY
origin/main@acc469312c8366e4b0438e702a5f435779e7a125	药衡智析_增量源码交接/public_source_candidate/06_评测/dual_model/20260917/visual/v1-s3-pages/input/page-06.png	235828	8c443afb4eda8ab704de2f85b61f8248a0346e87	RETAIN_BRANCH_HISTORY_OWNER_COORDINATION_ONLY
origin/main@acc469312c8366e4b0438e702a5f435779e7a125	药衡智析_增量源码交接/public_source_candidate/06_评测/dual_model/20260917/visual/v1-s3-pages/request.json	1768	64b7d194e9c7739ffe66f944512190ac4b867672	RETAIN_BRANCH_HISTORY_OWNER_COORDINATION_ONLY
origin/main@acc469312c8366e4b0438e702a5f435779e7a125	药衡智析_增量源码交接/public_source_candidate/06_评测/dual_model/20260917/visual/v2-browser-fixes/input/1366_benchmark.png	321058	9b8d49cf21a8d2064947b8568550000ec888ab1d	RETAIN_BRANCH_HISTORY_OWNER_COORDINATION_ONLY
origin/main@acc469312c8366e4b0438e702a5f435779e7a125	药衡智析_增量源码交接/public_source_candidate/06_评测/dual_model/20260917/visual/v2-browser-fixes/input/1366_cost.png	84061	9e65a2d9c7839da0aa8784ab4bc52ff0a4ac0972	RETAIN_BRANCH_HISTORY_OWNER_COORDINATION_ONLY
origin/main@acc469312c8366e4b0438e702a5f435779e7a125	药衡智析_增量源码交接/public_source_candidate/06_评测/dual_model/20260917/visual/v2-browser-fixes/input/1366_evidence.png	67087	b3d7069ef09f748ccb984caab1377ba4e4c5e31d	RETAIN_BRANCH_HISTORY_OWNER_COORDINATION_ONLY
origin/main@acc469312c8366e4b0438e702a5f435779e7a125	药衡智析_增量源码交接/public_source_candidate/06_评测/dual_model/20260917/visual/v2-browser-fixes/input/1366_quarter.png	86011	be5609188d5211e15485ab1fddef923204a05ad3	RETAIN_BRANCH_HISTORY_OWNER_COORDINATION_ONLY
origin/main@acc469312c8366e4b0438e702a5f435779e7a125	药衡智析_增量源码交接/public_source_candidate/06_评测/dual_model/20260917/visual/v2-browser-fixes/request.json	1085	2c985ae5310fc8a6985f9044b8a8448715a69ff8	RETAIN_BRANCH_HISTORY_OWNER_COORDINATION_ONLY
origin/main@acc469312c8366e4b0438e702a5f435779e7a125	药衡智析_增量源码交接/public_source_candidate/06_评测/dual_model/20260917/visual/v2-browser-fixes/result.json	3190	9eddc32806b95785418a2a98102371c32a125b48	RETAIN_BRANCH_HISTORY_OWNER_COORDINATION_ONLY
origin/main@acc469312c8366e4b0438e702a5f435779e7a125	药衡智析_增量源码交接/public_source_candidate/06_评测/dual_model/20260917/visual/v2-browser-fixes/review.md	1684	965376fb668605de63a10e32315302310f4f8efc	RETAIN_BRANCH_HISTORY_OWNER_COORDINATION_ONLY
origin/main@acc469312c8366e4b0438e702a5f435779e7a125	药衡智析_增量源码交接/public_source_candidate/06_评测/dual_model/20260917/visual/v2-q2-pages/input/page-01.png	125296	fcf7f92f5bfa96a9e45f59a424552ada2c71ad8f	RETAIN_BRANCH_HISTORY_OWNER_COORDINATION_ONLY
origin/main@acc469312c8366e4b0438e702a5f435779e7a125	药衡智析_增量源码交接/public_source_candidate/06_评测/dual_model/20260917/visual/v2-q2-pages/input/page-02.png	121631	4e3a127a5ffd83f0a3bd5b474a5684670179bc8e	RETAIN_BRANCH_HISTORY_OWNER_COORDINATION_ONLY
origin/main@acc469312c8366e4b0438e702a5f435779e7a125	药衡智析_增量源码交接/public_source_candidate/06_评测/dual_model/20260917/visual/v2-q2-pages/input/page-03.png	181908	2f734836aee0a647f89f892918ccf7afde16e0b4	RETAIN_BRANCH_HISTORY_OWNER_COORDINATION_ONLY
origin/main@acc469312c8366e4b0438e702a5f435779e7a125	药衡智析_增量源码交接/public_source_candidate/06_评测/dual_model/20260917/visual/v2-q2-pages/input/page-04.png	177018	901b67d44f7e9e9cedb8d73a34986b34e9a13eb5	RETAIN_BRANCH_HISTORY_OWNER_COORDINATION_ONLY
origin/main@acc469312c8366e4b0438e702a5f435779e7a125	药衡智析_增量源码交接/public_source_candidate/06_评测/dual_model/20260917/visual/v2-q2-pages/input/page-05.png	162940	31aaf08bae17f21a4cdfcaec8ad34bd936d036d3	RETAIN_BRANCH_HISTORY_OWNER_COORDINATION_ONLY
origin/main@acc469312c8366e4b0438e702a5f435779e7a125	药衡智析_增量源码交接/public_source_candidate/06_评测/dual_model/20260917/visual/v2-q2-pages/input/page-06.png	214504	a76d7c002b816d2edff7aa8e0630c2e3d3a437fb	RETAIN_BRANCH_HISTORY_OWNER_COORDINATION_ONLY
origin/main@acc469312c8366e4b0438e702a5f435779e7a125	药衡智析_增量源码交接/public_source_candidate/06_评测/dual_model/20260917/visual/v2-q2-pages/input/page-07.png	96211	fb55fa9bbc45a6de6543f92e3a8da89f9f188858	RETAIN_BRANCH_HISTORY_OWNER_COORDINATION_ONLY
origin/main@acc469312c8366e4b0438e702a5f435779e7a125	药衡智析_增量源码交接/public_source_candidate/06_评测/dual_model/20260917/visual/v2-q2-pages/request.json	1937	f344e3dc663a18af3df0a11b59cbb17e7112d48a	RETAIN_BRANCH_HISTORY_OWNER_COORDINATION_ONLY
origin/main@acc469312c8366e4b0438e702a5f435779e7a125	药衡智析_增量源码交接/public_source_candidate/06_评测/dual_model/20260917/visual/v2-q2-pages/result.json	3233	f2c7970b2fa35b8c2cc1f9ecb3e8d32f153c17ff	RETAIN_BRANCH_HISTORY_OWNER_COORDINATION_ONLY
origin/main@acc469312c8366e4b0438e702a5f435779e7a125	药衡智析_增量源码交接/public_source_candidate/06_评测/dual_model/20260917/visual/v2-q2-pages/review.md	2418	b28eb09887ef9e73624bc3f6a6e3d710212f7a48	RETAIN_BRANCH_HISTORY_OWNER_COORDINATION_ONLY
origin/main@acc469312c8366e4b0438e702a5f435779e7a125	药衡智析_增量源码交接/public_source_candidate/06_评测/dual_model/20260917/visual/v2-s1-pages/input/page-01.png	122497	58706c6e94efae8ae865d70b6ab049d954434d53	RETAIN_BRANCH_HISTORY_OWNER_COORDINATION_ONLY
origin/main@acc469312c8366e4b0438e702a5f435779e7a125	药衡智析_增量源码交接/public_source_candidate/06_评测/dual_model/20260917/visual/v2-s1-pages/input/page-02.png	119084	454c9bbe7cc8b59ea5f64a673104610e653beb27	RETAIN_BRANCH_HISTORY_OWNER_COORDINATION_ONLY
origin/main@acc469312c8366e4b0438e702a5f435779e7a125	药衡智析_增量源码交接/public_source_candidate/06_评测/dual_model/20260917/visual/v2-s1-pages/input/page-03.png	198757	dc0ea54f4ddbab3cae32ac4f145d622a20c8e0aa	RETAIN_BRANCH_HISTORY_OWNER_COORDINATION_ONLY
origin/main@acc469312c8366e4b0438e702a5f435779e7a125	药衡智析_增量源码交接/public_source_candidate/06_评测/dual_model/20260917/visual/v2-s1-pages/input/page-04.png	172683	dae911e58e693d8aee9458f661aa3720fc4418ec	RETAIN_BRANCH_HISTORY_OWNER_COORDINATION_ONLY
origin/main@acc469312c8366e4b0438e702a5f435779e7a125	药衡智析_增量源码交接/public_source_candidate/06_评测/dual_model/20260917/visual/v2-s1-pages/input/page-05.png	148334	44020831493d51fc3f4ec258cdb8f9805036cbc7	RETAIN_BRANCH_HISTORY_OWNER_COORDINATION_ONLY
origin/main@acc469312c8366e4b0438e702a5f435779e7a125	药衡智析_增量源码交接/public_source_candidate/06_评测/dual_model/20260917/visual/v2-s1-pages/input/page-06.png	234258	6672e11c423db1137173097074ae8b9bcd495ed4	RETAIN_BRANCH_HISTORY_OWNER_COORDINATION_ONLY
origin/main@acc469312c8366e4b0438e702a5f435779e7a125	药衡智析_增量源码交接/public_source_candidate/06_评测/dual_model/20260917/visual/v2-s1-pages/request.json	1945	0193aea728599af16a938545b3a1b50717e9cfaa	RETAIN_BRANCH_HISTORY_OWNER_COORDINATION_ONLY
origin/main@acc469312c8366e4b0438e702a5f435779e7a125	药衡智析_增量源码交接/public_source_candidate/06_评测/dual_model/20260917/visual/v2-s1-pages/result.json	3244	f3cbf878dcba5db03f837e82887ae0f4f8131fe0	RETAIN_BRANCH_HISTORY_OWNER_COORDINATION_ONLY
origin/main@acc469312c8366e4b0438e702a5f435779e7a125	药衡智析_增量源码交接/public_source_candidate/06_评测/dual_model/20260917/visual/v2-s1-pages/review.md	1903	89e02cb8ed1249385103a42be65e717cdab84b7a	RETAIN_BRANCH_HISTORY_OWNER_COORDINATION_ONLY
origin/main@acc469312c8366e4b0438e702a5f435779e7a125	药衡智析_增量源码交接/public_source_candidate/06_评测/dual_model/20260917/visual/v2-s2-pages/input/page-01.png	124486	70d027f352e86b7a29e861c24bc33e6a6290a5f7	RETAIN_BRANCH_HISTORY_OWNER_COORDINATION_ONLY
origin/main@acc469312c8366e4b0438e702a5f435779e7a125	药衡智析_增量源码交接/public_source_candidate/06_评测/dual_model/20260917/visual/v2-s2-pages/input/page-02.png	118054	3caf9a2cb19f913f551050433a038a3616cfb552	RETAIN_BRANCH_HISTORY_OWNER_COORDINATION_ONLY
origin/main@acc469312c8366e4b0438e702a5f435779e7a125	药衡智析_增量源码交接/public_source_candidate/06_评测/dual_model/20260917/visual/v2-s2-pages/input/page-03.png	200087	e81831d8535b38f608818d092b713483a2c548ce	RETAIN_BRANCH_HISTORY_OWNER_COORDINATION_ONLY
origin/main@acc469312c8366e4b0438e702a5f435779e7a125	药衡智析_增量源码交接/public_source_candidate/06_评测/dual_model/20260917/visual/v2-s2-pages/input/page-04.png	161290	c399d28b78f2de835d1f0649da479ba2d69d2ac1	RETAIN_BRANCH_HISTORY_OWNER_COORDINATION_ONLY
origin/main@acc469312c8366e4b0438e702a5f435779e7a125	药衡智析_增量源码交接/public_source_candidate/06_评测/dual_model/20260917/visual/v2-s2-pages/input/page-05.png	147600	b7ff2063864fac05276a56a70264b3b77ade4670	RETAIN_BRANCH_HISTORY_OWNER_COORDINATION_ONLY
origin/main@acc469312c8366e4b0438e702a5f435779e7a125	药衡智析_增量源码交接/public_source_candidate/06_评测/dual_model/20260917/visual/v2-s2-pages/input/page-06.png	236670	80881ec2a140ea8e64a6f1abce1f7a221941febc	RETAIN_BRANCH_HISTORY_OWNER_COORDINATION_ONLY
origin/main@acc469312c8366e4b0438e702a5f435779e7a125	药衡智析_增量源码交接/public_source_candidate/06_评测/dual_model/20260917/visual/v2-s2-pages/request.json	1879	b2a01fe42c6e2e87ac127d3c433c698e2f1fb778	RETAIN_BRANCH_HISTORY_OWNER_COORDINATION_ONLY
origin/main@acc469312c8366e4b0438e702a5f435779e7a125	药衡智析_增量源码交接/public_source_candidate/06_评测/dual_model/20260917/visual/v2-s2-pages/result.json	3002	277f6b29267dfd1d1fc8d420d043fdc03cf8ffff	RETAIN_BRANCH_HISTORY_OWNER_COORDINATION_ONLY
origin/main@acc469312c8366e4b0438e702a5f435779e7a125	药衡智析_增量源码交接/public_source_candidate/06_评测/dual_model/20260917/visual/v2-s2-pages/review.md	1492	9cc8542c953bdaad12d05aebce865ce3a7c21133	RETAIN_BRANCH_HISTORY_OWNER_COORDINATION_ONLY
origin/main@acc469312c8366e4b0438e702a5f435779e7a125	药衡智析_增量源码交接/public_source_candidate/06_评测/dual_model/20260917/visual/v2-s3-pages/input/page-01.png	125077	af758dd936c95111541947e55dd4d4bef6415624	RETAIN_BRANCH_HISTORY_OWNER_COORDINATION_ONLY
origin/main@acc469312c8366e4b0438e702a5f435779e7a125	药衡智析_增量源码交接/public_source_candidate/06_评测/dual_model/20260917/visual/v2-s3-pages/input/page-02.png	122130	d5d3585fd2d4854602fbc0731f1961d63a49dd49	RETAIN_BRANCH_HISTORY_OWNER_COORDINATION_ONLY
origin/main@acc469312c8366e4b0438e702a5f435779e7a125	药衡智析_增量源码交接/public_source_candidate/06_评测/dual_model/20260917/visual/v2-s3-pages/input/page-03.png	185933	40e805cae200ef63bbf112e89d086bf4f5c419b3	RETAIN_BRANCH_HISTORY_OWNER_COORDINATION_ONLY
origin/main@acc469312c8366e4b0438e702a5f435779e7a125	药衡智析_增量源码交接/public_source_candidate/06_评测/dual_model/20260917/visual/v2-s3-pages/input/page-04.png	200159	ec5b9099936281a746e44886104aa456b02dde4d	RETAIN_BRANCH_HISTORY_OWNER_COORDINATION_ONLY
origin/main@acc469312c8366e4b0438e702a5f435779e7a125	药衡智析_增量源码交接/public_source_candidate/06_评测/dual_model/20260917/visual/v2-s3-pages/input/page-05.png	149413	72d8bc9a50f320cc3dd1f555fb3afb436e4cf424	RETAIN_BRANCH_HISTORY_OWNER_COORDINATION_ONLY
origin/main@acc469312c8366e4b0438e702a5f435779e7a125	药衡智析_增量源码交接/public_source_candidate/06_评测/dual_model/20260917/visual/v2-s3-pages/input/page-06.png	214967	823cb022fd6d231f188f15f89f28184473833688	RETAIN_BRANCH_HISTORY_OWNER_COORDINATION_ONLY
origin/main@acc469312c8366e4b0438e702a5f435779e7a125	药衡智析_增量源码交接/public_source_candidate/06_评测/dual_model/20260917/visual/v2-s3-pages/input/page-07.png	49854	658ee9303bbc2cdc51039ccf2b0ab52cb26a2252	RETAIN_BRANCH_HISTORY_OWNER_COORDINATION_ONLY
origin/main@acc469312c8366e4b0438e702a5f435779e7a125	药衡智析_增量源码交接/public_source_candidate/06_评测/dual_model/20260917/visual/v2-s3-pages/request.json	1927	4c51c910e01d500c4a93925c05ed145f7873ac1c	RETAIN_BRANCH_HISTORY_OWNER_COORDINATION_ONLY
origin/main@acc469312c8366e4b0438e702a5f435779e7a125	药衡智析_增量源码交接/public_source_candidate/06_评测/dual_model/20260917/visual/v2-s3-pages/result.json	3056	e8b155d9595098b0cf00cacc2f850d664197e22a	RETAIN_BRANCH_HISTORY_OWNER_COORDINATION_ONLY
origin/main@acc469312c8366e4b0438e702a5f435779e7a125	药衡智析_增量源码交接/public_source_candidate/06_评测/dual_model/20260917/visual/v2-s3-pages/review.md	1972	8ab88c06e676adc06586e4aef034280092d8fefd	RETAIN_BRANCH_HISTORY_OWNER_COORDINATION_ONLY
origin/main@acc469312c8366e4b0438e702a5f435779e7a125	药衡智析_增量源码交接/public_source_candidate/06_评测/dual_model/20260917/visual/v3-browser-model/input/1366_benchmark.png	52105	3dfcdeabed052e3498cc78682481822dd4e73394	RETAIN_BRANCH_HISTORY_OWNER_COORDINATION_ONLY
origin/main@acc469312c8366e4b0438e702a5f435779e7a125	药衡智析_增量源码交接/public_source_candidate/06_评测/dual_model/20260917/visual/v3-browser-model/input/1366_cost.png	84061	9e65a2d9c7839da0aa8784ab4bc52ff0a4ac0972	RETAIN_BRANCH_HISTORY_OWNER_COORDINATION_ONLY
origin/main@acc469312c8366e4b0438e702a5f435779e7a125	药衡智析_增量源码交接/public_source_candidate/06_评测/dual_model/20260917/visual/v3-browser-model/input/1366_reports_model_pass.png	71892	8f7ae5b72ed7daa696a8d10ba4f50fffd9ee2208	RETAIN_BRANCH_HISTORY_OWNER_COORDINATION_ONLY
origin/main@acc469312c8366e4b0438e702a5f435779e7a125	药衡智析_增量源码交接/public_source_candidate/06_评测/dual_model/20260917/visual/v3-browser-model/request.json	864	7dafc7e07a1c017167169d6863731eab3dc0b3a1	RETAIN_BRANCH_HISTORY_OWNER_COORDINATION_ONLY
origin/main@acc469312c8366e4b0438e702a5f435779e7a125	药衡智析_增量源码交接/public_source_candidate/06_评测/dual_model/20260917/visual/v3-browser-model/result.json	5144	b4c9be7dabcce7151a2497c67d00762c20b3e463	RETAIN_BRANCH_HISTORY_OWNER_COORDINATION_ONLY
origin/main@acc469312c8366e4b0438e702a5f435779e7a125	药衡智析_增量源码交接/public_source_candidate/06_评测/dual_model/20260917/visual/v3-browser-model/review.md	2648	a6c266f745bc02fad6112473677ca9956ca76027	RETAIN_BRANCH_HISTORY_OWNER_COORDINATION_ONLY
origin/main@acc469312c8366e4b0438e702a5f435779e7a125	药衡智析_增量源码交接/public_source_candidate/06_评测/dual_model/20260917/visual/v3-q2-pages/input/page-01.png	125872	d1fc0aa6c75c72cd48ebbb926d1269e046b7b94c	RETAIN_BRANCH_HISTORY_OWNER_COORDINATION_ONLY
origin/main@acc469312c8366e4b0438e702a5f435779e7a125	药衡智析_增量源码交接/public_source_candidate/06_评测/dual_model/20260917/visual/v3-q2-pages/input/page-02.png	121631	4e3a127a5ffd83f0a3bd5b474a5684670179bc8e	RETAIN_BRANCH_HISTORY_OWNER_COORDINATION_ONLY
origin/main@acc469312c8366e4b0438e702a5f435779e7a125	药衡智析_增量源码交接/public_source_candidate/06_评测/dual_model/20260917/visual/v3-q2-pages/input/page-03.png	181908	2f734836aee0a647f89f892918ccf7afde16e0b4	RETAIN_BRANCH_HISTORY_OWNER_COORDINATION_ONLY
origin/main@acc469312c8366e4b0438e702a5f435779e7a125	药衡智析_增量源码交接/public_source_candidate/06_评测/dual_model/20260917/visual/v3-q2-pages/input/page-04.png	177018	901b67d44f7e9e9cedb8d73a34986b34e9a13eb5	RETAIN_BRANCH_HISTORY_OWNER_COORDINATION_ONLY
origin/main@acc469312c8366e4b0438e702a5f435779e7a125	药衡智析_增量源码交接/public_source_candidate/06_评测/dual_model/20260917/visual/v3-q2-pages/input/page-05.png	162940	31aaf08bae17f21a4cdfcaec8ad34bd936d036d3	RETAIN_BRANCH_HISTORY_OWNER_COORDINATION_ONLY
origin/main@acc469312c8366e4b0438e702a5f435779e7a125	药衡智析_增量源码交接/public_source_candidate/06_评测/dual_model/20260917/visual/v3-q2-pages/input/page-06.png	226408	1528b1be664f64aa3a21bcf2a594ef84d7fe97b2	RETAIN_BRANCH_HISTORY_OWNER_COORDINATION_ONLY
origin/main@acc469312c8366e4b0438e702a5f435779e7a125	药衡智析_增量源码交接/public_source_candidate/06_评测/dual_model/20260917/visual/v3-q2-pages/input/page-07.png	102252	347885146ed2847355e9f3643f2aaa860e2d52dd	RETAIN_BRANCH_HISTORY_OWNER_COORDINATION_ONLY
origin/main@acc469312c8366e4b0438e702a5f435779e7a125	药衡智析_增量源码交接/public_source_candidate/06_评测/dual_model/20260917/visual/v3-q2-pages/request.json	1790	224025c8573aea459a581870e7b52e368be40bca	RETAIN_BRANCH_HISTORY_OWNER_COORDINATION_ONLY
origin/main@acc469312c8366e4b0438e702a5f435779e7a125	药衡智析_增量源码交接/public_source_candidate/06_评测/dual_model/20260917/visual/v3-q2-pages/result.json	4470	7599e4c1e7678bb566a43eb6e69050335e683147	RETAIN_BRANCH_HISTORY_OWNER_COORDINATION_ONLY
origin/main@acc469312c8366e4b0438e702a5f435779e7a125	药衡智析_增量源码交接/public_source_candidate/06_评测/dual_model/20260917/visual/v3-q2-pages/review.md	2328	8517ed0ca27185a132f54c74ff6620cb95d3ab29	RETAIN_BRANCH_HISTORY_OWNER_COORDINATION_ONLY
origin/main@acc469312c8366e4b0438e702a5f435779e7a125	药衡智析_增量源码交接/public_source_candidate/06_评测/dual_model/20260917/visual/v3-s1-pages/input/page-01.png	123247	e6158de8513a2f64e69d57de2fb007ba33b5f442	RETAIN_BRANCH_HISTORY_OWNER_COORDINATION_ONLY
origin/main@acc469312c8366e4b0438e702a5f435779e7a125	药衡智析_增量源码交接/public_source_candidate/06_评测/dual_model/20260917/visual/v3-s1-pages/input/page-02.png	119001	60a10dc936a6dd0a1595fbff6123645f1ec5ed34	RETAIN_BRANCH_HISTORY_OWNER_COORDINATION_ONLY
origin/main@acc469312c8366e4b0438e702a5f435779e7a125	药衡智析_增量源码交接/public_source_candidate/06_评测/dual_model/20260917/visual/v3-s1-pages/input/page-03.png	198691	7de3ec07856a42af01055acfa4bc9f9297e4c890	RETAIN_BRANCH_HISTORY_OWNER_COORDINATION_ONLY
origin/main@acc469312c8366e4b0438e702a5f435779e7a125	药衡智析_增量源码交接/public_source_candidate/06_评测/dual_model/20260917/visual/v3-s1-pages/input/page-04.png	172666	f825c75246ea8b57ff46e0cf13c6772b504912f4	RETAIN_BRANCH_HISTORY_OWNER_COORDINATION_ONLY
origin/main@acc469312c8366e4b0438e702a5f435779e7a125	药衡智析_增量源码交接/public_source_candidate/06_评测/dual_model/20260917/visual/v3-s1-pages/input/page-05.png	148274	28385bc5aff1fa52162f6188b63777d5becd7f74	RETAIN_BRANCH_HISTORY_OWNER_COORDINATION_ONLY
origin/main@acc469312c8366e4b0438e702a5f435779e7a125	药衡智析_增量源码交接/public_source_candidate/06_评测/dual_model/20260917/visual/v3-s1-pages/input/page-06.png	250701	43b96718bb8df8174d008fdacca7ca4abcc862a1	RETAIN_BRANCH_HISTORY_OWNER_COORDINATION_ONLY
origin/main@acc469312c8366e4b0438e702a5f435779e7a125	药衡智析_增量源码交接/public_source_candidate/06_评测/dual_model/20260917/visual/v3-s1-pages/input/page-07.png	62917	44478f6f701195e1bf887e6a5a14872a464ca05a	RETAIN_BRANCH_HISTORY_OWNER_COORDINATION_ONLY
origin/main@acc469312c8366e4b0438e702a5f435779e7a125	药衡智析_增量源码交接/public_source_candidate/06_评测/dual_model/20260917/visual/v3-s1-pages/request.json	1788	3244877b97404d8b9053c4c25b0842fbe7c32415	RETAIN_BRANCH_HISTORY_OWNER_COORDINATION_ONLY
origin/main@acc469312c8366e4b0438e702a5f435779e7a125	药衡智析_增量源码交接/public_source_candidate/06_评测/dual_model/20260917/visual/v3-s1-pages/result.json	4864	bb439c26a69265d44ebc3ff56aea8f3867be6d07	RETAIN_BRANCH_HISTORY_OWNER_COORDINATION_ONLY
origin/main@acc469312c8366e4b0438e702a5f435779e7a125	药衡智析_增量源码交接/public_source_candidate/06_评测/dual_model/20260917/visual/v3-s1-pages/review.md	2731	8383b88f4d0dcd2a9faa2644b96271d424bd426f	RETAIN_BRANCH_HISTORY_OWNER_COORDINATION_ONLY
origin/main@acc469312c8366e4b0438e702a5f435779e7a125	药衡智析_增量源码交接/public_source_candidate/06_评测/dual_model/20260917/visual/v3-s2-pages/input/page-01.png	125312	7f755b53db36194ed6191f9a0ff1b6f7f0896b9e	RETAIN_BRANCH_HISTORY_OWNER_COORDINATION_ONLY
origin/main@acc469312c8366e4b0438e702a5f435779e7a125	药衡智析_增量源码交接/public_source_candidate/06_评测/dual_model/20260917/visual/v3-s2-pages/input/page-02.png	117990	ecad190be0ad89e8a92ca00b71223ad238da8ccf	RETAIN_BRANCH_HISTORY_OWNER_COORDINATION_ONLY
origin/main@acc469312c8366e4b0438e702a5f435779e7a125	药衡智析_增量源码交接/public_source_candidate/06_评测/dual_model/20260917/visual/v3-s2-pages/input/page-03.png	224348	0add92871378b4f587a281e0c91c075a419fb1a8	RETAIN_BRANCH_HISTORY_OWNER_COORDINATION_ONLY
origin/main@acc469312c8366e4b0438e702a5f435779e7a125	药衡智析_增量源码交接/public_source_candidate/06_评测/dual_model/20260917/visual/v3-s2-pages/input/page-04.png	167723	778b99da3f7c8b28d4c65cfa9436e1dc4cba36cd	RETAIN_BRANCH_HISTORY_OWNER_COORDINATION_ONLY
origin/main@acc469312c8366e4b0438e702a5f435779e7a125	药衡智析_增量源码交接/public_source_candidate/06_评测/dual_model/20260917/visual/v3-s2-pages/input/page-05.png	148901	82368dbfc1b60903011867762f9cf5e455afb168	RETAIN_BRANCH_HISTORY_OWNER_COORDINATION_ONLY
origin/main@acc469312c8366e4b0438e702a5f435779e7a125	药衡智析_增量源码交接/public_source_candidate/06_评测/dual_model/20260917/visual/v3-s2-pages/input/page-06.png	215265	7eeecd68675ce79b7e808d659646043d6d51a079	RETAIN_BRANCH_HISTORY_OWNER_COORDINATION_ONLY
origin/main@acc469312c8366e4b0438e702a5f435779e7a125	药衡智析_增量源码交接/public_source_candidate/06_评测/dual_model/20260917/visual/v3-s2-pages/input/page-07.png	70556	eef42af42091807e20725f5427c797d8daa2f334	RETAIN_BRANCH_HISTORY_OWNER_COORDINATION_ONLY
origin/main@acc469312c8366e4b0438e702a5f435779e7a125	药衡智析_增量源码交接/public_source_candidate/06_评测/dual_model/20260917/visual/v3-s2-pages/request.json	1788	fffdb9821f6d288038dac0c6f7c67710d73a7491	RETAIN_BRANCH_HISTORY_OWNER_COORDINATION_ONLY
origin/main@acc469312c8366e4b0438e702a5f435779e7a125	药衡智析_增量源码交接/public_source_candidate/06_评测/dual_model/20260917/visual/v3-s2-pages/result.json	3947	ed5a331f1fe5001fa27dbc2bf12231ccc0751494	RETAIN_BRANCH_HISTORY_OWNER_COORDINATION_ONLY
origin/main@acc469312c8366e4b0438e702a5f435779e7a125	药衡智析_增量源码交接/public_source_candidate/06_评测/dual_model/20260917/visual/v3-s2-pages/review.md	2296	d586ef2af413e245db1ed3725d5be751cc8cd111	RETAIN_BRANCH_HISTORY_OWNER_COORDINATION_ONLY
origin/main@acc469312c8366e4b0438e702a5f435779e7a125	药衡智析_增量源码交接/public_source_candidate/06_评测/dual_model/20260917/visual/v3-s3-pages/input/page-01.png	125892	700b18c19f9133518ac17f7d47203e85813f09f3	RETAIN_BRANCH_HISTORY_OWNER_COORDINATION_ONLY
origin/main@acc469312c8366e4b0438e702a5f435779e7a125	药衡智析_增量源码交接/public_source_candidate/06_评测/dual_model/20260917/visual/v3-s3-pages/input/page-02.png	122130	d5d3585fd2d4854602fbc0731f1961d63a49dd49	RETAIN_BRANCH_HISTORY_OWNER_COORDINATION_ONLY
origin/main@acc469312c8366e4b0438e702a5f435779e7a125	药衡智析_增量源码交接/public_source_candidate/06_评测/dual_model/20260917/visual/v3-s3-pages/input/page-03.png	185933	40e805cae200ef63bbf112e89d086bf4f5c419b3	RETAIN_BRANCH_HISTORY_OWNER_COORDINATION_ONLY
origin/main@acc469312c8366e4b0438e702a5f435779e7a125	药衡智析_增量源码交接/public_source_candidate/06_评测/dual_model/20260917/visual/v3-s3-pages/input/page-04.png	200159	ec5b9099936281a746e44886104aa456b02dde4d	RETAIN_BRANCH_HISTORY_OWNER_COORDINATION_ONLY
origin/main@acc469312c8366e4b0438e702a5f435779e7a125	药衡智析_增量源码交接/public_source_candidate/06_评测/dual_model/20260917/visual/v3-s3-pages/input/page-05.png	150267	51ea69e7c80e6ffba7c04aa73c4e07a38f59b3bd	RETAIN_BRANCH_HISTORY_OWNER_COORDINATION_ONLY
origin/main@acc469312c8366e4b0438e702a5f435779e7a125	药衡智析_增量源码交接/public_source_candidate/06_评测/dual_model/20260917/visual/v3-s3-pages/input/page-06.png	243116	600d8063b846270cd6546fbc35f812205c2be280	RETAIN_BRANCH_HISTORY_OWNER_COORDINATION_ONLY
origin/main@acc469312c8366e4b0438e702a5f435779e7a125	药衡智析_增量源码交接/public_source_candidate/06_评测/dual_model/20260917/visual/v3-s3-pages/input/page-07.png	97815	099d4a305b21599b5714ec4db6c2821a510ff9e4	RETAIN_BRANCH_HISTORY_OWNER_COORDINATION_ONLY
origin/main@acc469312c8366e4b0438e702a5f435779e7a125	药衡智析_增量源码交接/public_source_candidate/06_评测/dual_model/20260917/visual/v3-s3-pages/request.json	1791	ea0317428095e278b3b147d664ae328d3856457d	RETAIN_BRANCH_HISTORY_OWNER_COORDINATION_ONLY
origin/main@acc469312c8366e4b0438e702a5f435779e7a125	药衡智析_增量源码交接/public_source_candidate/06_评测/dual_model/20260917/visual/v3-s3-pages/result.json	4677	ee12b1809bab8b4b04555c25c6fe3338694a3aff	RETAIN_BRANCH_HISTORY_OWNER_COORDINATION_ONLY
origin/main@acc469312c8366e4b0438e702a5f435779e7a125	药衡智析_增量源码交接/public_source_candidate/06_评测/dual_model/20260917/visual/v3-s3-pages/review.md	2660	b84f61c3b31a4828d0c2a929614dfcd84c02998b	RETAIN_BRANCH_HISTORY_OWNER_COORDINATION_ONLY
origin/main@acc469312c8366e4b0438e702a5f435779e7a125	药衡智析_增量源码交接/public_source_candidate/06_评测/dual_model/baseline/visual/V0/result.json	5161	edd552c3e46a49e0a139e8b900dd805d3e34e48c	RETAIN_BRANCH_HISTORY_OWNER_COORDINATION_ONLY
origin/main@acc469312c8366e4b0438e702a5f435779e7a125	药衡智析_增量源码交接/public_source_candidate/06_评测/dual_model/baseline/visual/V0/review.md	7922	e9755315a34326123f89a59f243046136a8af824	RETAIN_BRANCH_HISTORY_OWNER_COORDINATION_ONLY
origin/main@acc469312c8366e4b0438e702a5f435779e7a125	药衡智析_增量源码交接/public_source_candidate/06_评测/golden.json	1241	31675bd18ab406a58bec4aea887fdc578a0eab84	RETAIN_BRANCH_HISTORY_OWNER_COORDINATION_ONLY
origin/main@acc469312c8366e4b0438e702a5f435779e7a125	药衡智析_增量源码交接/public_source_candidate/06_评测/incremental_20260916/browser/1366_benchmark.png	527010	e00974c5e257decdd0f64de8b2bd8c19dd9e145b	RETAIN_BRANCH_HISTORY_OWNER_COORDINATION_ONLY
origin/main@acc469312c8366e4b0438e702a5f435779e7a125	药衡智析_增量源码交接/public_source_candidate/06_评测/incremental_20260916/browser/1366_cost.png	117879	d8bf7552c4d18d7419a3d9289be251bf3f5e4a7e	RETAIN_BRANCH_HISTORY_OWNER_COORDINATION_ONLY
origin/main@acc469312c8366e4b0438e702a5f435779e7a125	药衡智析_增量源码交接/public_source_candidate/06_评测/incremental_20260916/browser/1366_evidence.png	202409	bfe3539dc110d5914704695c89b0f2170ca8753c	RETAIN_BRANCH_HISTORY_OWNER_COORDINATION_ONLY
origin/main@acc469312c8366e4b0438e702a5f435779e7a125	药衡智析_增量源码交接/public_source_candidate/06_评测/incremental_20260916/browser/1366_quarter.png	122206	bd1c25ed696b3a1fa1c974a097e07c3f4a58f05a	RETAIN_BRANCH_HISTORY_OWNER_COORDINATION_ONLY
origin/main@acc469312c8366e4b0438e702a5f435779e7a125	药衡智析_增量源码交接/public_source_candidate/06_评测/incremental_20260916/browser/2026-09-15T18-37-55-798Z_1366_benchmark.png	527010	e00974c5e257decdd0f64de8b2bd8c19dd9e145b	RETAIN_BRANCH_HISTORY_OWNER_COORDINATION_ONLY
origin/main@acc469312c8366e4b0438e702a5f435779e7a125	药衡智析_增量源码交接/public_source_candidate/06_评测/incremental_20260916/browser/2026-09-15T18-37-55-798Z_1366_chart_tooltip.png	121202	5a5d7940cceeb5642bc821e697e85af34649f0c8	RETAIN_BRANCH_HISTORY_OWNER_COORDINATION_ONLY
origin/main@acc469312c8366e4b0438e702a5f435779e7a125	药衡智析_增量源码交接/public_source_candidate/06_评测/incremental_20260916/browser/2026-09-15T18-37-55-798Z_1366_cost.png	117879	d8bf7552c4d18d7419a3d9289be251bf3f5e4a7e	RETAIN_BRANCH_HISTORY_OWNER_COORDINATION_ONLY
origin/main@acc469312c8366e4b0438e702a5f435779e7a125	药衡智析_增量源码交接/public_source_candidate/06_评测/incremental_20260916/browser/2026-09-15T18-37-55-798Z_1366_evidence.png	202415	49b6647fc9e2c291f9a6cd74b8aaf0d8203cc530	RETAIN_BRANCH_HISTORY_OWNER_COORDINATION_ONLY
origin/main@acc469312c8366e4b0438e702a5f435779e7a125	药衡智析_增量源码交接/public_source_candidate/06_评测/incremental_20260916/browser/2026-09-15T18-37-55-798Z_1366_quarter.png	122206	bd1c25ed696b3a1fa1c974a097e07c3f4a58f05a	RETAIN_BRANCH_HISTORY_OWNER_COORDINATION_ONLY
origin/main@acc469312c8366e4b0438e702a5f435779e7a125	药衡智析_增量源码交接/public_source_candidate/06_评测/incremental_20260916/browser/2026-09-15T18-37-55-798Z_failure.png	117896	b3faebf8c3aaa3c536ebdc0ed61be5d6d6a907dd	RETAIN_BRANCH_HISTORY_OWNER_COORDINATION_ONLY
origin/main@acc469312c8366e4b0438e702a5f435779e7a125	药衡智析_增量源码交接/public_source_candidate/06_评测/incremental_20260916/browser/2026-09-15T18-39-27-737Z_failure.png	113928	cb6043d7b079fcf460fb3a589bcbe61bd958a53d	RETAIN_BRANCH_HISTORY_OWNER_COORDINATION_ONLY
origin/main@acc469312c8366e4b0438e702a5f435779e7a125	药衡智析_增量源码交接/public_source_candidate/06_评测/incremental_20260916/browser/2026-09-15T18-40-55-990Z_1366_benchmark.png	527010	e00974c5e257decdd0f64de8b2bd8c19dd9e145b	RETAIN_BRANCH_HISTORY_OWNER_COORDINATION_ONLY
origin/main@acc469312c8366e4b0438e702a5f435779e7a125	药衡智析_增量源码交接/public_source_candidate/06_评测/incremental_20260916/browser/2026-09-15T18-40-55-990Z_1366_chart_tooltip.png	121202	5a5d7940cceeb5642bc821e697e85af34649f0c8	RETAIN_BRANCH_HISTORY_OWNER_COORDINATION_ONLY
origin/main@acc469312c8366e4b0438e702a5f435779e7a125	药衡智析_增量源码交接/public_source_candidate/06_评测/incremental_20260916/browser/2026-09-15T18-40-55-990Z_1366_cost.png	117879	d8bf7552c4d18d7419a3d9289be251bf3f5e4a7e	RETAIN_BRANCH_HISTORY_OWNER_COORDINATION_ONLY
origin/main@acc469312c8366e4b0438e702a5f435779e7a125	药衡智析_增量源码交接/public_source_candidate/06_评测/incremental_20260916/browser/2026-09-15T18-40-55-990Z_1366_evidence.png	202409	bfe3539dc110d5914704695c89b0f2170ca8753c	RETAIN_BRANCH_HISTORY_OWNER_COORDINATION_ONLY
origin/main@acc469312c8366e4b0438e702a5f435779e7a125	药衡智析_增量源码交接/public_source_candidate/06_评测/incremental_20260916/browser/2026-09-15T18-40-55-990Z_1366_quarter.png	122206	bd1c25ed696b3a1fa1c974a097e07c3f4a58f05a	RETAIN_BRANCH_HISTORY_OWNER_COORDINATION_ONLY
origin/main@acc469312c8366e4b0438e702a5f435779e7a125	药衡智析_增量源码交接/public_source_candidate/06_评测/incremental_20260916/browser/2026-09-15T18-40-55-990Z_failure.png	110133	08f0a431ae925272013103d58a051f2c3d100434	RETAIN_BRANCH_HISTORY_OWNER_COORDINATION_ONLY
origin/main@acc469312c8366e4b0438e702a5f435779e7a125	药衡智析_增量源码交接/public_source_candidate/06_评测/incremental_20260916/browser/2026-09-15T18-41-42-893Z_1366_acceptance.png	112547	cdfd209efd63ece463e2559942c66090e921fc3e	RETAIN_BRANCH_HISTORY_OWNER_COORDINATION_ONLY
origin/main@acc469312c8366e4b0438e702a5f435779e7a125	药衡智析_增量源码交接/public_source_candidate/06_评测/incremental_20260916/browser/2026-09-15T18-41-42-893Z_1366_action_draft.png	128746	457e25b456712b87758e5a360e110bd910e3730f	RETAIN_BRANCH_HISTORY_OWNER_COORDINATION_ONLY
origin/main@acc469312c8366e4b0438e702a5f435779e7a125	药衡智析_增量源码交接/public_source_candidate/06_评测/incremental_20260916/browser/2026-09-15T18-41-42-893Z_1366_benchmark.png	527010	e00974c5e257decdd0f64de8b2bd8c19dd9e145b	RETAIN_BRANCH_HISTORY_OWNER_COORDINATION_ONLY
origin/main@acc469312c8366e4b0438e702a5f435779e7a125	药衡智析_增量源码交接/public_source_candidate/06_评测/incremental_20260916/browser/2026-09-15T18-41-42-893Z_1366_chart_tooltip.png	121258	c37ad432d2ac13966c0570b3ed81c86f158385bd	RETAIN_BRANCH_HISTORY_OWNER_COORDINATION_ONLY
origin/main@acc469312c8366e4b0438e702a5f435779e7a125	药衡智析_增量源码交接/public_source_candidate/06_评测/incremental_20260916/browser/2026-09-15T18-41-42-893Z_1366_controlled_failure.png	69439	779d9d68893e6482a787363a32a8e504dc1c2c0c	RETAIN_BRANCH_HISTORY_OWNER_COORDINATION_ONLY
origin/main@acc469312c8366e4b0438e702a5f435779e7a125	药衡智析_增量源码交接/public_source_candidate/06_评测/incremental_20260916/browser/2026-09-15T18-41-42-893Z_1366_cost.png	117933	b9a143ce4df5cc963ac738e87576247a04c0367b	RETAIN_BRANCH_HISTORY_OWNER_COORDINATION_ONLY
origin/main@acc469312c8366e4b0438e702a5f435779e7a125	药衡智析_增量源码交接/public_source_candidate/06_评测/incremental_20260916/browser/2026-09-15T18-41-42-893Z_1366_evidence.png	202409	bfe3539dc110d5914704695c89b0f2170ca8753c	RETAIN_BRANCH_HISTORY_OWNER_COORDINATION_ONLY
origin/main@acc469312c8366e4b0438e702a5f435779e7a125	药衡智析_增量源码交接/public_source_candidate/06_评测/incremental_20260916/browser/2026-09-15T18-41-42-893Z_1366_quarter.png	122206	bd1c25ed696b3a1fa1c974a097e07c3f4a58f05a	RETAIN_BRANCH_HISTORY_OWNER_COORDINATION_ONLY
origin/main@acc469312c8366e4b0438e702a5f435779e7a125	药衡智析_增量源码交接/public_source_candidate/06_评测/incremental_20260916/browser/2026-09-15T18-41-42-893Z_1920_cost.png	139598	e1904917cb549b55bed72df117d237b491ab42b3	RETAIN_BRANCH_HISTORY_OWNER_COORDINATION_ONLY
origin/main@acc469312c8366e4b0438e702a5f435779e7a125	药衡智析_增量源码交接/public_source_candidate/06_评测/incremental_20260916/browser/2026-09-15T18-41-42-893Z_390_cost.png	54847	852648589e163bcad8239e2637527140b28635c0	RETAIN_BRANCH_HISTORY_OWNER_COORDINATION_ONLY
origin/main@acc469312c8366e4b0438e702a5f435779e7a125	药衡智析_增量源码交接/public_source_candidate/06_评测/incremental_20260916/browser/2026-09-15T18-43-17-122Z_1366_acceptance.png	110483	585c5b4a52fe3455689fc2c16f9c4efad4fe3dcc	RETAIN_BRANCH_HISTORY_OWNER_COORDINATION_ONLY
origin/main@acc469312c8366e4b0438e702a5f435779e7a125	药衡智析_增量源码交接/public_source_candidate/06_评测/incremental_20260916/browser/2026-09-15T18-43-17-122Z_1366_action_draft.png	138234	7293ae9c8664f84e3754110afaaf8e1bd47fbb3b	RETAIN_BRANCH_HISTORY_OWNER_COORDINATION_ONLY
origin/main@acc469312c8366e4b0438e702a5f435779e7a125	药衡智析_增量源码交接/public_source_candidate/06_评测/incremental_20260916/browser/2026-09-15T18-43-17-122Z_1366_benchmark.png	526028	067a38b798707118b7dabf679ab37e88139a1f1b	RETAIN_BRANCH_HISTORY_OWNER_COORDINATION_ONLY
origin/main@acc469312c8366e4b0438e702a5f435779e7a125	药衡智析_增量源码交接/public_source_candidate/06_评测/incremental_20260916/browser/2026-09-15T18-43-17-122Z_1366_chart_tooltip.png	121202	5a5d7940cceeb5642bc821e697e85af34649f0c8	RETAIN_BRANCH_HISTORY_OWNER_COORDINATION_ONLY
origin/main@acc469312c8366e4b0438e702a5f435779e7a125	药衡智析_增量源码交接/public_source_candidate/06_评测/incremental_20260916/browser/2026-09-15T18-43-17-122Z_1366_controlled_failure.png	69439	779d9d68893e6482a787363a32a8e504dc1c2c0c	RETAIN_BRANCH_HISTORY_OWNER_COORDINATION_ONLY
origin/main@acc469312c8366e4b0438e702a5f435779e7a125	药衡智析_增量源码交接/public_source_candidate/06_评测/incremental_20260916/browser/2026-09-15T18-43-17-122Z_1366_cost.png	117879	d8bf7552c4d18d7419a3d9289be251bf3f5e4a7e	RETAIN_BRANCH_HISTORY_OWNER_COORDINATION_ONLY
origin/main@acc469312c8366e4b0438e702a5f435779e7a125	药衡智析_增量源码交接/public_source_candidate/06_评测/incremental_20260916/browser/2026-09-15T18-43-17-122Z_1366_evidence.png	199289	c0baccf6ffaee8c880ae368833efb195ff5e0f79	RETAIN_BRANCH_HISTORY_OWNER_COORDINATION_ONLY
origin/main@acc469312c8366e4b0438e702a5f435779e7a125	药衡智析_增量源码交接/public_source_candidate/06_评测/incremental_20260916/browser/2026-09-15T18-43-17-122Z_1366_quarter.png	122206	bd1c25ed696b3a1fa1c974a097e07c3f4a58f05a	RETAIN_BRANCH_HISTORY_OWNER_COORDINATION_ONLY
origin/main@acc469312c8366e4b0438e702a5f435779e7a125	药衡智析_增量源码交接/public_source_candidate/06_评测/incremental_20260916/browser/2026-09-15T18-43-17-122Z_1920_cost.png	139607	d6bb600a57cfbc34097af60c3224753254779ac8	RETAIN_BRANCH_HISTORY_OWNER_COORDINATION_ONLY
origin/main@acc469312c8366e4b0438e702a5f435779e7a125	药衡智析_增量源码交接/public_source_candidate/06_评测/incremental_20260916/browser/2026-09-15T18-43-17-122Z_390_cost.png	54852	c9ba0560f24f67ef85d733206b196b9c365e0062	RETAIN_BRANCH_HISTORY_OWNER_COORDINATION_ONLY
origin/main@acc469312c8366e4b0438e702a5f435779e7a125	药衡智析_增量源码交接/public_source_candidate/06_评测/incremental_20260916/browser/2026-09-15T18-45-08-456Z_1366_benchmark.png	526028	067a38b798707118b7dabf679ab37e88139a1f1b	RETAIN_BRANCH_HISTORY_OWNER_COORDINATION_ONLY
origin/main@acc469312c8366e4b0438e702a5f435779e7a125	药衡智析_增量源码交接/public_source_candidate/06_评测/incremental_20260916/browser/2026-09-15T18-45-08-456Z_1366_chart_tooltip.png	121202	5a5d7940cceeb5642bc821e697e85af34649f0c8	RETAIN_BRANCH_HISTORY_OWNER_COORDINATION_ONLY
origin/main@acc469312c8366e4b0438e702a5f435779e7a125	药衡智析_增量源码交接/public_source_candidate/06_评测/incremental_20260916/browser/2026-09-15T18-45-08-456Z_1366_cost.png	117879	d8bf7552c4d18d7419a3d9289be251bf3f5e4a7e	RETAIN_BRANCH_HISTORY_OWNER_COORDINATION_ONLY
origin/main@acc469312c8366e4b0438e702a5f435779e7a125	药衡智析_增量源码交接/public_source_candidate/06_评测/incremental_20260916/browser/2026-09-15T18-45-08-456Z_1366_evidence.png	199289	c0baccf6ffaee8c880ae368833efb195ff5e0f79	RETAIN_BRANCH_HISTORY_OWNER_COORDINATION_ONLY
origin/main@acc469312c8366e4b0438e702a5f435779e7a125	药衡智析_增量源码交接/public_source_candidate/06_评测/incremental_20260916/browser/2026-09-15T18-45-08-456Z_1366_quarter.png	122206	bd1c25ed696b3a1fa1c974a097e07c3f4a58f05a	RETAIN_BRANCH_HISTORY_OWNER_COORDINATION_ONLY
origin/main@acc469312c8366e4b0438e702a5f435779e7a125	药衡智析_增量源码交接/public_source_candidate/06_评测/incremental_20260916/browser/2026-09-15T18-45-08-456Z_failure.png	134938	c0244650406d0015d29eb21a157ffcfba5ae619f	RETAIN_BRANCH_HISTORY_OWNER_COORDINATION_ONLY
origin/main@acc469312c8366e4b0438e702a5f435779e7a125	药衡智析_增量源码交接/public_source_candidate/06_评测/incremental_20260916/browser/2026-09-15T18-48-47-842Z_1366_acceptance.png	110545	8076b12282c9957d95ccea9fa6717629fa9f3a68	RETAIN_BRANCH_HISTORY_OWNER_COORDINATION_ONLY
origin/main@acc469312c8366e4b0438e702a5f435779e7a125	药衡智析_增量源码交接/public_source_candidate/06_评测/incremental_20260916/browser/2026-09-15T18-48-47-842Z_1366_action_draft.png	160936	024386d018a1747326c257b0a7aa621e4887c127	RETAIN_BRANCH_HISTORY_OWNER_COORDINATION_ONLY
origin/main@acc469312c8366e4b0438e702a5f435779e7a125	药衡智析_增量源码交接/public_source_candidate/06_评测/incremental_20260916/browser/2026-09-15T18-48-47-842Z_1366_benchmark.png	526028	067a38b798707118b7dabf679ab37e88139a1f1b	RETAIN_BRANCH_HISTORY_OWNER_COORDINATION_ONLY
origin/main@acc469312c8366e4b0438e702a5f435779e7a125	药衡智析_增量源码交接/public_source_candidate/06_评测/incremental_20260916/browser/2026-09-15T18-48-47-842Z_1366_chart_tooltip.png	121258	c37ad432d2ac13966c0570b3ed81c86f158385bd	RETAIN_BRANCH_HISTORY_OWNER_COORDINATION_ONLY
origin/main@acc469312c8366e4b0438e702a5f435779e7a125	药衡智析_增量源码交接/public_source_candidate/06_评测/incremental_20260916/browser/2026-09-15T18-48-47-842Z_1366_controlled_failure.png	69641	0c1e4bf281673620e5ef507bbb45f7c8f8f59ebc	RETAIN_BRANCH_HISTORY_OWNER_COORDINATION_ONLY
origin/main@acc469312c8366e4b0438e702a5f435779e7a125	药衡智析_增量源码交接/public_source_candidate/06_评测/incremental_20260916/browser/2026-09-15T18-48-47-842Z_1366_cost.png	117933	b9a143ce4df5cc963ac738e87576247a04c0367b	RETAIN_BRANCH_HISTORY_OWNER_COORDINATION_ONLY
origin/main@acc469312c8366e4b0438e702a5f435779e7a125	药衡智析_增量源码交接/public_source_candidate/06_评测/incremental_20260916/browser/2026-09-15T18-48-47-842Z_1366_evidence.png	199289	c0baccf6ffaee8c880ae368833efb195ff5e0f79	RETAIN_BRANCH_HISTORY_OWNER_COORDINATION_ONLY
origin/main@acc469312c8366e4b0438e702a5f435779e7a125	药衡智析_增量源码交接/public_source_candidate/06_评测/incremental_20260916/browser/2026-09-15T18-48-47-842Z_1366_quarter.png	122206	bd1c25ed696b3a1fa1c974a097e07c3f4a58f05a	RETAIN_BRANCH_HISTORY_OWNER_COORDINATION_ONLY
origin/main@acc469312c8366e4b0438e702a5f435779e7a125	药衡智析_增量源码交接/public_source_candidate/06_评测/incremental_20260916/browser/2026-09-15T18-48-47-842Z_1920_cost.png	139598	e1904917cb549b55bed72df117d237b491ab42b3	RETAIN_BRANCH_HISTORY_OWNER_COORDINATION_ONLY
origin/main@acc469312c8366e4b0438e702a5f435779e7a125	药衡智析_增量源码交接/public_source_candidate/06_评测/incremental_20260916/browser/2026-09-15T18-48-47-842Z_390_cost.png	54847	852648589e163bcad8239e2637527140b28635c0	RETAIN_BRANCH_HISTORY_OWNER_COORDINATION_ONLY
origin/main@acc469312c8366e4b0438e702a5f435779e7a125	药衡智析_增量源码交接/public_source_candidate/06_评测/incremental_20260916/browser/README.md	5877	3537e1a75af1b770371c3fd966c1097ed1e6cf8a	RETAIN_BRANCH_HISTORY_OWNER_COORDINATION_ONLY
origin/main@acc469312c8366e4b0438e702a5f435779e7a125	药衡智析_增量源码交接/public_source_candidate/06_评测/incremental_20260916/browser/browser_trace.zip	8203454	cd1b5770c6f8ac8c002a648d0a889401a2b235d5	RETAIN_BRANCH_HISTORY_OWNER_COORDINATION_ONLY
origin/main@acc469312c8366e4b0438e702a5f435779e7a125	药衡智析_增量源码交接/public_source_candidate/06_评测/incremental_20260916/browser/downloaded_machine_audit.json	187300	3ddff41f444e535c8d21f21d7c381a6868d645e5	RETAIN_BRANCH_HISTORY_OWNER_COORDINATION_ONLY
origin/main@acc469312c8366e4b0438e702a5f435779e7a125	药衡智析_增量源码交接/public_source_candidate/06_评测/incremental_20260916/browser/downloaded_report.docx	151027	932a4f1166f242d557dba22d9256506340eee91e	RETAIN_BRANCH_HISTORY_OWNER_COORDINATION_ONLY
origin/main@acc469312c8366e4b0438e702a5f435779e7a125	药衡智析_增量源码交接/public_source_candidate/06_评测/incremental_20260916/browser/downloaded_report.pdf	482311	f75a99db7893cf89b337dd2ae4958b2110909852	RETAIN_BRANCH_HISTORY_OWNER_COORDINATION_ONLY
origin/main@acc469312c8366e4b0438e702a5f435779e7a125	药衡智析_增量源码交接/public_source_candidate/06_评测/incremental_20260916/browser/failure.png	116085	566e843781330ca6861cc0ddb446f12083a9d41b	RETAIN_BRANCH_HISTORY_OWNER_COORDINATION_ONLY
origin/main@acc469312c8366e4b0438e702a5f435779e7a125	药衡智析_增量源码交接/public_source_candidate/06_评测/incremental_20260916/browser/frontend_manifest.json	1393	51611b6b2ed9da7dbad71c77f17a91310c5b206b	RETAIN_BRANCH_HISTORY_OWNER_COORDINATION_ONLY
origin/main@acc469312c8366e4b0438e702a5f435779e7a125	药衡智析_增量源码交接/public_source_candidate/06_评测/incremental_20260916/browser/history.jsonl	40323	a78d0609dfe172681b3e4eebbcc112f2b9df6745	RETAIN_BRANCH_HISTORY_OWNER_COORDINATION_ONLY
origin/main@acc469312c8366e4b0438e702a5f435779e7a125	药衡智析_增量源码交接/public_source_candidate/06_评测/incremental_20260916/browser/results.json	7700	0b9c01c5b48d1024c9c0291cb3a06887d5bee46c	RETAIN_BRANCH_HISTORY_OWNER_COORDINATION_ONLY
origin/main@acc469312c8366e4b0438e702a5f435779e7a125	药衡智析_增量源码交接/public_source_candidate/06_评测/incremental_20260916/data/DATA_CONTRACT.md	3988	a9df6fed478670036a27952e9fee8937353a1dd3	RETAIN_BRANCH_HISTORY_OWNER_COORDINATION_ONLY
origin/main@acc469312c8366e4b0438e702a5f435779e7a125	药衡智析_增量源码交接/public_source_candidate/06_评测/incremental_20260916/data/benchmark_green.txt	113	217d0b5fd2e232818fe42cbb4d23c7a72058b67a	RETAIN_BRANCH_HISTORY_OWNER_COORDINATION_ONLY
origin/main@acc469312c8366e4b0438e702a5f435779e7a125	药衡智析_增量源码交接/public_source_candidate/06_评测/incremental_20260916/data/benchmark_red.txt	1008	9b583357a516fc4960456b67c794b9b2b9620ed1	RETAIN_BRANCH_HISTORY_OWNER_COORDINATION_ONLY
origin/main@acc469312c8366e4b0438e702a5f435779e7a125	药衡智析_增量源码交接/public_source_candidate/06_评测/incremental_20260916/data/check_independent_golden.py	5812	ca5452ac8496716c087a59e54c4662407e2aadca	RETAIN_BRANCH_HISTORY_OWNER_COORDINATION_ONLY
origin/main@acc469312c8366e4b0438e702a5f435779e7a125	药衡智析_增量源码交接/public_source_candidate/06_评测/incremental_20260916/data/comparisons_green.txt	113	9708b411eccc53da8d8c967426f9a62fe5f0bb23	RETAIN_BRANCH_HISTORY_OWNER_COORDINATION_ONLY
origin/main@acc469312c8366e4b0438e702a5f435779e7a125	药衡智析_增量源码交接/public_source_candidate/06_评测/incremental_20260916/data/comparisons_red.txt	4665	59c39cca2e97580d0a16464e59e5aa105a1ecd3a	RETAIN_BRANCH_HISTORY_OWNER_COORDINATION_ONLY
origin/main@acc469312c8366e4b0438e702a5f435779e7a125	药衡智析_增量源码交接/public_source_candidate/06_评测/incremental_20260916/data/comparisons_red_actual.txt	1501	81a225a893b51ce8b8bcfdfd46f56edce0b2eea8	RETAIN_BRANCH_HISTORY_OWNER_COORDINATION_ONLY
origin/main@acc469312c8366e4b0438e702a5f435779e7a125	药衡智析_增量源码交接/public_source_candidate/06_评测/incremental_20260916/data/data_regression.txt	99	610044ccb7239f365421de6f38729d45fc23a8e3	RETAIN_BRANCH_HISTORY_OWNER_COORDINATION_ONLY
origin/main@acc469312c8366e4b0438e702a5f435779e7a125	药衡智析_增量源码交接/public_source_candidate/06_评测/incremental_20260916/data/data_regression_final.txt	99	7eea1247bb0642288064849aaa14a4c8414ac16d	RETAIN_BRANCH_HISTORY_OWNER_COORDINATION_ONLY
origin/main@acc469312c8366e4b0438e702a5f435779e7a125	药衡智析_增量源码交接/public_source_candidate/06_评测/incremental_20260916/data/history/report_independent_audit_release_5b1518ce9db2094a.json	175151	435085d23684b36c3e69458e68ccb0aa793716f5	RETAIN_BRANCH_HISTORY_OWNER_COORDINATION_ONLY
origin/main@acc469312c8366e4b0438e702a5f435779e7a125	药衡智析_增量源码交接/public_source_candidate/06_评测/incremental_20260916/data/independent_golden_result.json	1180685	a431922a3bdbf393fc214514307bd3285e6e6440	RETAIN_BRANCH_HISTORY_OWNER_COORDINATION_ONLY
origin/main@acc469312c8366e4b0438e702a5f435779e7a125	药衡智析_增量源码交接/public_source_candidate/06_评测/incremental_20260916/data/independent_golden_run.txt	374	81fd9cd828c3603303ca9009d6e59528dbd7d409	RETAIN_BRANCH_HISTORY_OWNER_COORDINATION_ONLY
origin/main@acc469312c8366e4b0438e702a5f435779e7a125	药衡智析_增量源码交接/public_source_candidate/06_评测/incremental_20260916/data/material_provenance_red.txt	1689	f57c2ecc48d7b20911b6c77fa2c665a1d43f197c	RETAIN_BRANCH_HISTORY_OWNER_COORDINATION_ONLY
origin/main@acc469312c8366e4b0438e702a5f435779e7a125	药衡智析_增量源码交接/public_source_candidate/06_评测/incremental_20260916/data/materials_green.txt	113	cb060d51b63bfe24bfd9065e678a90befe7d45fd	RETAIN_BRANCH_HISTORY_OWNER_COORDINATION_ONLY
origin/main@acc469312c8366e4b0438e702a5f435779e7a125	药衡智析_增量源码交接/public_source_candidate/06_评测/incremental_20260916/data/materials_red.txt	1542	754b8fcbf473b69ff95a075bd00e5a66d8856fa6	RETAIN_BRANCH_HISTORY_OWNER_COORDINATION_ONLY
origin/main@acc469312c8366e4b0438e702a5f435779e7a125	药衡智析_增量源码交接/public_source_candidate/06_评测/incremental_20260916/data/report_independent_audit.json	175152	faf6014b3023e0c0836ffc18fdad5ab699d982b8	RETAIN_BRANCH_HISTORY_OWNER_COORDINATION_ONLY
origin/main@acc469312c8366e4b0438e702a5f435779e7a125	药衡智析_增量源码交接/public_source_candidate/06_评测/incremental_20260916/data/report_independent_audit.py	12498	a0ed429d4454ac75845e50387392155d68f00875	RETAIN_BRANCH_HISTORY_OWNER_COORDINATION_ONLY
origin/main@acc469312c8366e4b0438e702a5f435779e7a125	药衡智析_增量源码交接/public_source_candidate/06_评测/incremental_20260916/data/report_independent_audit_page_boundary_attempt.json	175303	0c2e17838e2cfe77b91b63f8ea575efe1f9880e9	RETAIN_BRANCH_HISTORY_OWNER_COORDINATION_ONLY
origin/main@acc469312c8366e4b0438e702a5f435779e7a125	药衡智析_增量源码交接/public_source_candidate/06_评测/incremental_20260916/data/source_sha256.txt	330	541a3694b9f6bfa6733dfd3b4e0a986746b5aaba	RETAIN_BRANCH_HISTORY_OWNER_COORDINATION_ONLY
origin/main@acc469312c8366e4b0438e702a5f435779e7a125	药衡智析_增量源码交接/public_source_candidate/06_评测/incremental_20260916/dependency_check.json	1320	c41d84c6be63e2b11cc979cabee305703ff116b9	RETAIN_BRANCH_HISTORY_OWNER_COORDINATION_ONLY
origin/main@acc469312c8366e4b0438e702a5f435779e7a125	药衡智析_增量源码交接/public_source_candidate/06_评测/incremental_20260916/encoding_originals_audit.json	14517	df86598b5ac6ab426b380a8613f6d5c69f25da21	RETAIN_BRANCH_HISTORY_OWNER_COORDINATION_ONLY
origin/main@acc469312c8366e4b0438e702a5f435779e7a125	药衡智析_增量源码交接/public_source_candidate/06_评测/incremental_20260916/environment.json	774	f0646eda316fc05eed06df8ddc5efece0cb72b21	RETAIN_BRANCH_HISTORY_OWNER_COORDINATION_ONLY
origin/main@acc469312c8366e4b0438e702a5f435779e7a125	药衡智析_增量源码交接/public_source_candidate/06_评测/incremental_20260916/glm_probe.json	967	92cf161d5f49f57d3981fdce7875c9a42a1ee917	RETAIN_BRANCH_HISTORY_OWNER_COORDINATION_ONLY
origin/main@acc469312c8366e4b0438e702a5f435779e7a125	药衡智析_增量源码交接/public_source_candidate/06_评测/incremental_20260916/history/environment_failures.md	358	969d499d516d83bcd54b7c86faab3b592bcefe2d	RETAIN_BRANCH_HISTORY_OWNER_COORDINATION_ONLY
origin/main@acc469312c8366e4b0438e702a5f435779e7a125	药衡智析_增量源码交接/public_source_candidate/06_评测/incremental_20260916/history/implementation_status_before.md	2852	c3bfae92b72284266f55d0245e0f6b2a6fcf291e	RETAIN_BRANCH_HISTORY_OWNER_COORDINATION_ONLY
origin/main@acc469312c8366e4b0438e702a5f435779e7a125	药衡智析_增量源码交接/public_source_candidate/06_评测/incremental_20260916/history/pre_final_pagination/manifest.json	9343	9527cbaf5226d249e4a72e879abe59f26594dca7	RETAIN_BRANCH_HISTORY_OWNER_COORDINATION_ONLY
origin/main@acc469312c8366e4b0438e702a5f435779e7a125	药衡智析_增量源码交接/public_source_candidate/06_评测/incremental_20260916/history/pre_final_pagination/scenario_reports_delivery.json	41458	b7d6993be743586c7aaf90bb375f218585aafcc6	RETAIN_BRANCH_HISTORY_OWNER_COORDINATION_ONLY
origin/main@acc469312c8366e4b0438e702a5f435779e7a125	药衡智析_增量源码交接/public_source_candidate/06_评测/incremental_20260916/history/unpack_before_final_freeze.json	1792	f44d13953e70b2c2cc39ee5b2d2f3a74e2350cd5	RETAIN_BRANCH_HISTORY_OWNER_COORDINATION_ONLY
origin/main@acc469312c8366e4b0438e702a5f435779e7a125	药衡智析_增量源码交接/public_source_candidate/06_评测/incremental_20260916/history/verification_before_final.json	44329	6b2936ddb2e1179b6b79931c0666f53e0ab21bf0	RETAIN_BRANCH_HISTORY_OWNER_COORDINATION_ONLY
origin/main@acc469312c8366e4b0438e702a5f435779e7a125	药衡智析_增量源码交接/public_source_candidate/06_评测/incremental_20260916/pages_delivery/Q2/page-01.png	192968	72458b7bc9450775ce895bb4d8d668d06c8cf4ff	RETAIN_BRANCH_HISTORY_OWNER_COORDINATION_ONLY
origin/main@acc469312c8366e4b0438e702a5f435779e7a125	药衡智析_增量源码交接/public_source_candidate/06_评测/incremental_20260916/pages_delivery/Q2/page-02.png	183274	b2e0a19615703db6a5f6165281fc27d02a9ad2fa	RETAIN_BRANCH_HISTORY_OWNER_COORDINATION_ONLY
origin/main@acc469312c8366e4b0438e702a5f435779e7a125	药衡智析_增量源码交接/public_source_candidate/06_评测/incremental_20260916/pages_delivery/Q2/page-03.png	315901	a451725a50553123839d2e5a5804a700a5356dee	RETAIN_BRANCH_HISTORY_OWNER_COORDINATION_ONLY
origin/main@acc469312c8366e4b0438e702a5f435779e7a125	药衡智析_增量源码交接/public_source_candidate/06_评测/incremental_20260916/pages_delivery/Q2/page-04.png	185196	7bf1e5d2ad5424487330c1d88f4c3a858fab5dd2	RETAIN_BRANCH_HISTORY_OWNER_COORDINATION_ONLY
origin/main@acc469312c8366e4b0438e702a5f435779e7a125	药衡智析_增量源码交接/public_source_candidate/06_评测/incremental_20260916/pages_delivery/Q2/page-05.png	249031	d8fdd43c256958ad0c726f55e8556f7b008fd253	RETAIN_BRANCH_HISTORY_OWNER_COORDINATION_ONLY
origin/main@acc469312c8366e4b0438e702a5f435779e7a125	药衡智析_增量源码交接/public_source_candidate/06_评测/incremental_20260916/pages_delivery/Q2/page-06.png	288478	3b92804720b00f6170fea2eb097f359ee0a50723	RETAIN_BRANCH_HISTORY_OWNER_COORDINATION_ONLY
origin/main@acc469312c8366e4b0438e702a5f435779e7a125	药衡智析_增量源码交接/public_source_candidate/06_评测/incremental_20260916/pages_delivery/S1/page-01.png	187445	7b14343a8ba3913cf1271813a6f8a926b4d5db82	RETAIN_BRANCH_HISTORY_OWNER_COORDINATION_ONLY
origin/main@acc469312c8366e4b0438e702a5f435779e7a125	药衡智析_增量源码交接/public_source_candidate/06_评测/incremental_20260916/pages_delivery/S1/page-02.png	149791	8620f4390565269cb3d907b497c185011a7597a2	RETAIN_BRANCH_HISTORY_OWNER_COORDINATION_ONLY
origin/main@acc469312c8366e4b0438e702a5f435779e7a125	药衡智析_增量源码交接/public_source_candidate/06_评测/incremental_20260916/pages_delivery/S1/page-03.png	286141	b1c284c486a731d2425f9c0dd38725ab57c8216c	RETAIN_BRANCH_HISTORY_OWNER_COORDINATION_ONLY
origin/main@acc469312c8366e4b0438e702a5f435779e7a125	药衡智析_增量源码交接/public_source_candidate/06_评测/incremental_20260916/pages_delivery/S1/page-04.png	156418	53c63f5abff15df2ec92851eef39313849e1e5a5	RETAIN_BRANCH_HISTORY_OWNER_COORDINATION_ONLY
origin/main@acc469312c8366e4b0438e702a5f435779e7a125	药衡智析_增量源码交接/public_source_candidate/06_评测/incremental_20260916/pages_delivery/S1/page-05.png	247606	d93c44ed08dae6cb0b7cfd3b8a56f37e4f0d5482	RETAIN_BRANCH_HISTORY_OWNER_COORDINATION_ONLY
origin/main@acc469312c8366e4b0438e702a5f435779e7a125	药衡智析_增量源码交接/public_source_candidate/06_评测/incremental_20260916/pages_delivery/S1/page-06.png	288441	4ae7c2eb1c28551e8052f097448f9b5d8db97e57	RETAIN_BRANCH_HISTORY_OWNER_COORDINATION_ONLY
origin/main@acc469312c8366e4b0438e702a5f435779e7a125	药衡智析_增量源码交接/public_source_candidate/06_评测/incremental_20260916/pages_delivery/S2/page-01.png	188290	e0c12b76b846f52c17e4fbf09eb7e08a448f1db9	RETAIN_BRANCH_HISTORY_OWNER_COORDINATION_ONLY
origin/main@acc469312c8366e4b0438e702a5f435779e7a125	药衡智析_增量源码交接/public_source_candidate/06_评测/incremental_20260916/pages_delivery/S2/page-02.png	236144	75c07da818f9c51cdfedb0f0470a737a246cd992	RETAIN_BRANCH_HISTORY_OWNER_COORDINATION_ONLY
origin/main@acc469312c8366e4b0438e702a5f435779e7a125	药衡智析_增量源码交接/public_source_candidate/06_评测/incremental_20260916/pages_delivery/S2/page-03.png	254414	1b3823477f7bfe44f71238e44ad79723a3017ca5	RETAIN_BRANCH_HISTORY_OWNER_COORDINATION_ONLY
origin/main@acc469312c8366e4b0438e702a5f435779e7a125	药衡智析_增量源码交接/public_source_candidate/06_评测/incremental_20260916/pages_delivery/S2/page-04.png	234221	031771932c0e5e3e9b5e2ab86864b414ef7fd70e	RETAIN_BRANCH_HISTORY_OWNER_COORDINATION_ONLY
origin/main@acc469312c8366e4b0438e702a5f435779e7a125	药衡智析_增量源码交接/public_source_candidate/06_评测/incremental_20260916/pages_delivery/S2/page-05.png	363621	cee1070cba0e28c88b66e4fbdca1cbff658be1a1	RETAIN_BRANCH_HISTORY_OWNER_COORDINATION_ONLY
origin/main@acc469312c8366e4b0438e702a5f435779e7a125	药衡智析_增量源码交接/public_source_candidate/06_评测/incremental_20260916/pages_delivery/S3/page-01.png	192372	ede886ef7f4827e49eb29ddb552fd69fabdaf62e	RETAIN_BRANCH_HISTORY_OWNER_COORDINATION_ONLY
origin/main@acc469312c8366e4b0438e702a5f435779e7a125	药衡智析_增量源码交接/public_source_candidate/06_评测/incremental_20260916/pages_delivery/S3/page-02.png	158790	d9312bebb4aede11306868096a6e471b09d03139	RETAIN_BRANCH_HISTORY_OWNER_COORDINATION_ONLY
origin/main@acc469312c8366e4b0438e702a5f435779e7a125	药衡智析_增量源码交接/public_source_candidate/06_评测/incremental_20260916/pages_delivery/S3/page-03.png	252229	67d34bf98198aa8b5922fea816a142a6cf8f7eb7	RETAIN_BRANCH_HISTORY_OWNER_COORDINATION_ONLY
origin/main@acc469312c8366e4b0438e702a5f435779e7a125	药衡智析_增量源码交接/public_source_candidate/06_评测/incremental_20260916/pages_delivery/S3/page-04.png	222855	6a941cc5493df93d02a9ec3b015490c7aac70b6f	RETAIN_BRANCH_HISTORY_OWNER_COORDINATION_ONLY
origin/main@acc469312c8366e4b0438e702a5f435779e7a125	药衡智析_增量源码交接/public_source_candidate/06_评测/incremental_20260916/pages_delivery/S3/page-05.png	249544	51e0aa936f926a02e0883e8cc9c73424d99f89d6	RETAIN_BRANCH_HISTORY_OWNER_COORDINATION_ONLY
origin/main@acc469312c8366e4b0438e702a5f435779e7a125	药衡智析_增量源码交接/public_source_candidate/06_评测/incremental_20260916/pages_delivery/S3/page-06.png	290650	e9f36e825755b65714b74728e9fb056a97eaa910	RETAIN_BRANCH_HISTORY_OWNER_COORDINATION_ONLY
origin/main@acc469312c8366e4b0438e702a5f435779e7a125	药衡智析_增量源码交接/public_source_candidate/06_评测/incremental_20260916/pages_delivery/manifest.json	13437	c6811c109546b40d941fd81625ae1d2df8d2f9e7	RETAIN_BRANCH_HISTORY_OWNER_COORDINATION_ONLY
origin/main@acc469312c8366e4b0438e702a5f435779e7a125	药衡智析_增量源码交接/public_source_candidate/06_评测/incremental_20260916/plan_browser/1366_comparison.png	103173	00404b4705bb726784d74aa390d407a3fd9a0822	RETAIN_BRANCH_HISTORY_OWNER_COORDINATION_ONLY
origin/main@acc469312c8366e4b0438e702a5f435779e7a125	药衡智析_增量源码交接/public_source_candidate/06_评测/incremental_20260916/plan_browser/1366_contribution.png	93552	6bfe7c8eb127958fafed686b339964eb2c6c1552	RETAIN_BRANCH_HISTORY_OWNER_COORDINATION_ONLY
origin/main@acc469312c8366e4b0438e702a5f435779e7a125	药衡智析_增量源码交接/public_source_candidate/06_评测/incremental_20260916/plan_browser/1366_model.png	221066	4288cebe1392b17d7adf4825ba7f79062039839e	RETAIN_BRANCH_HISTORY_OWNER_COORDINATION_ONLY
origin/main@acc469312c8366e4b0438e702a5f435779e7a125	药衡智析_增量源码交接/public_source_candidate/06_评测/incremental_20260916/plan_browser/1366_overview.png	129455	17d13d7bdb484d98828f3a4347b09a82cee287ca	RETAIN_BRANCH_HISTORY_OWNER_COORDINATION_ONLY
origin/main@acc469312c8366e4b0438e702a5f435779e7a125	药衡智析_增量源码交接/public_source_candidate/06_评测/incremental_20260916/plan_browser/1366_requirements.png	144037	23cc965de8a79c8eb1d823e164f3612741f1b7d1	RETAIN_BRANCH_HISTORY_OWNER_COORDINATION_ONLY
origin/main@acc469312c8366e4b0438e702a5f435779e7a125	药衡智析_增量源码交接/public_source_candidate/06_评测/incremental_20260916/plan_browser/1920_comparison.png	165097	20cef7fb424da7c7b8b422729f50a4eee5a300bc	RETAIN_BRANCH_HISTORY_OWNER_COORDINATION_ONLY
origin/main@acc469312c8366e4b0438e702a5f435779e7a125	药衡智析_增量源码交接/public_source_candidate/06_评测/incremental_20260916/plan_browser/1920_contribution.png	136599	0cf8aae4a569530ca4434ca9a3c95bf4ff537a33	RETAIN_BRANCH_HISTORY_OWNER_COORDINATION_ONLY
origin/main@acc469312c8366e4b0438e702a5f435779e7a125	药衡智析_增量源码交接/public_source_candidate/06_评测/incremental_20260916/plan_browser/1920_model.png	289239	96eef66a8a89153532c608dd03b5d6261ef35dfb	RETAIN_BRANCH_HISTORY_OWNER_COORDINATION_ONLY
origin/main@acc469312c8366e4b0438e702a5f435779e7a125	药衡智析_增量源码交接/public_source_candidate/06_评测/incremental_20260916/plan_browser/1920_overview.png	191019	5d6024406a85f3c86b53d2e6474c37e5e63d81e6	RETAIN_BRANCH_HISTORY_OWNER_COORDINATION_ONLY
origin/main@acc469312c8366e4b0438e702a5f435779e7a125	药衡智析_增量源码交接/public_source_candidate/06_评测/incremental_20260916/plan_browser/1920_r26_r28.png	232415	9204bb0580243e4453c6479f45a056705a0e4f37	RETAIN_BRANCH_HISTORY_OWNER_COORDINATION_ONLY
origin/main@acc469312c8366e4b0438e702a5f435779e7a125	药衡智析_增量源码交接/public_source_candidate/06_评测/incremental_20260916/plan_browser/1920_requirements.png	189322	8b7df83ca4768c36d538a520aa5a90bc0277bbd0	RETAIN_BRANCH_HISTORY_OWNER_COORDINATION_ONLY
origin/main@acc469312c8366e4b0438e702a5f435779e7a125	药衡智析_增量源码交接/public_source_candidate/06_评测/incremental_20260916/plan_browser/README.md	1548	6bdbda9ff79bdb9d0f0cc75ba94ff4ef76504f14	RETAIN_BRANCH_HISTORY_OWNER_COORDINATION_ONLY
origin/main@acc469312c8366e4b0438e702a5f435779e7a125	药衡智析_增量源码交接/public_source_candidate/06_评测/incremental_20260916/plan_browser/history.jsonl	31206	7629f2a460922978db584a253b3aea98c2538262	RETAIN_BRANCH_HISTORY_OWNER_COORDINATION_ONLY
origin/main@acc469312c8366e4b0438e702a5f435779e7a125	药衡智析_增量源码交接/public_source_candidate/06_评测/incremental_20260916/plan_browser/manifest.json	222	7192e7090eabdcfa0bbbcbcc8a9b6fc27c1f8d64	RETAIN_BRANCH_HISTORY_OWNER_COORDINATION_ONLY
origin/main@acc469312c8366e4b0438e702a5f435779e7a125	药衡智析_增量源码交接/public_source_candidate/06_评测/incremental_20260916/plan_browser/results.json	11701	342629ba50e6d77969e392ffd4c2e7da6cd5ea31	RETAIN_BRANCH_HISTORY_OWNER_COORDINATION_ONLY
origin/main@acc469312c8366e4b0438e702a5f435779e7a125	药衡智析_增量源码交接/public_source_candidate/06_评测/incremental_20260916/plan_browser/visible_text.txt	19393	fa8b7c66536076b9bb64708c0d0476c22d5b1d28	RETAIN_BRANCH_HISTORY_OWNER_COORDINATION_ONLY
origin/main@acc469312c8366e4b0438e702a5f435779e7a125	药衡智析_增量源码交接/public_source_candidate/06_评测/incremental_20260916/report_artifact_validation.json	1206	8afe788cfed8938e4dfc7cb4c17063a4655861cf	RETAIN_BRANCH_HISTORY_OWNER_COORDINATION_ONLY
origin/main@acc469312c8366e4b0438e702a5f435779e7a125	药衡智析_增量源码交接/public_source_candidate/06_评测/incremental_20260916/retrieval/README.md	5528	710f324a908ea8013c7ef172bb3fd334d7558192	RETAIN_BRANCH_HISTORY_OWNER_COORDINATION_ONLY
origin/main@acc469312c8366e4b0438e702a5f435779e7a125	药衡智析_增量源码交接/public_source_candidate/06_评测/incremental_20260916/retrieval/audit_report_citations.py	7735	239191cff37670a773fd46ab0e7b896849549c63	RETAIN_BRANCH_HISTORY_OWNER_COORDINATION_ONLY
origin/main@acc469312c8366e4b0438e702a5f435779e7a125	药衡智析_增量源码交接/public_source_candidate/06_评测/incremental_20260916/retrieval/final_green.txt	334	9c531c057c55b74f9b72d4a75abdee9c065ec762	RETAIN_BRANCH_HISTORY_OWNER_COORDINATION_ONLY
origin/main@acc469312c8366e4b0438e702a5f435779e7a125	药衡智析_增量源码交接/public_source_candidate/06_评测/incremental_20260916/retrieval/green.txt	231	b978b1ef0487cf48f12239867387dc2c1afb8d6b	RETAIN_BRANCH_HISTORY_OWNER_COORDINATION_ONLY
origin/main@acc469312c8366e4b0438e702a5f435779e7a125	药衡智析_增量源码交接/public_source_candidate/06_评测/incremental_20260916/retrieval/green_initial.txt	2873	a9da32ce82c3cee63f59c194363d194ce0107021	RETAIN_BRANCH_HISTORY_OWNER_COORDINATION_ONLY
origin/main@acc469312c8366e4b0438e702a5f435779e7a125	药衡智析_增量源码交接/public_source_candidate/06_评测/incremental_20260916/retrieval/heading_red.txt	962	1d1f0f931552766b4ec6fb4cfdca5f663e07ec19	RETAIN_BRANCH_HISTORY_OWNER_COORDINATION_ONLY
origin/main@acc469312c8366e4b0438e702a5f435779e7a125	药衡智析_增量源码交接/public_source_candidate/06_评测/incremental_20260916/retrieval/historical_failure_audit.json	1318	52e892317e484c47c2821771c9321696e6f03cd8	RETAIN_BRANCH_HISTORY_OWNER_COORDINATION_ONLY
origin/main@acc469312c8366e4b0438e702a5f435779e7a125	药衡智析_增量源码交接/public_source_candidate/06_评测/incremental_20260916/retrieval/implementation_manifest.json	1831	b33acd4a2983e8747507758256cea9f0bebf83aa	RETAIN_BRANCH_HISTORY_OWNER_COORDINATION_ONLY
origin/main@acc469312c8366e4b0438e702a5f435779e7a125	药衡智析_增量源码交接/public_source_candidate/06_评测/incremental_20260916/retrieval/implementation_manifest_before_portability.json	945	f9084503e4d7fec9151c5e6bce412f565815d279	RETAIN_BRANCH_HISTORY_OWNER_COORDINATION_ONLY
origin/main@acc469312c8366e4b0438e702a5f435779e7a125	药衡智析_增量源码交接/public_source_candidate/06_评测/incremental_20260916/retrieval/portability_green.txt	36	b0d090618ae0f025fcbf0109a8fec4c17e3caa1b	RETAIN_BRANCH_HISTORY_OWNER_COORDINATION_ONLY
origin/main@acc469312c8366e4b0438e702a5f435779e7a125	药衡智析_增量源码交接/public_source_candidate/06_评测/incremental_20260916/retrieval/portability_priority_green.txt	60	abbf9766876287f8a4d00132a58b8c646ed8b8f0	RETAIN_BRANCH_HISTORY_OWNER_COORDINATION_ONLY
origin/main@acc469312c8366e4b0438e702a5f435779e7a125	药衡智析_增量源码交接/public_source_candidate/06_评测/incremental_20260916/retrieval/portability_red.txt	6132	8572a9e969904f77e1127f93d37e27297b3b6c2a	RETAIN_BRANCH_HISTORY_OWNER_COORDINATION_ONLY
origin/main@acc469312c8366e4b0438e702a5f435779e7a125	药衡智析_增量源码交接/public_source_candidate/06_评测/incremental_20260916/retrieval/priority_red.txt	1376	8a1db428a0edd932ef31d11a60e667b16b62afb5	RETAIN_BRANCH_HISTORY_OWNER_COORDINATION_ONLY
origin/main@acc469312c8366e4b0438e702a5f435779e7a125	药衡智析_增量源码交接/public_source_candidate/06_评测/incremental_20260916/retrieval/red.txt	6568	9eb2986a000d819eab6f8ea4c5f0185d67e04a84	RETAIN_BRANCH_HISTORY_OWNER_COORDINATION_ONLY
origin/main@acc469312c8366e4b0438e702a5f435779e7a125	药衡智析_增量源码交接/public_source_candidate/06_评测/incremental_20260916/retrieval/report_citation_audit.json	24816	54013222c05fe88df02d9d1592a74386329c8233	RETAIN_BRANCH_HISTORY_OWNER_COORDINATION_ONLY
origin/main@acc469312c8366e4b0438e702a5f435779e7a125	药衡智析_增量源码交接/public_source_candidate/06_评测/incremental_20260916/retrieval/report_citation_audit_before_delivery.json	23367	5e010fc39f36f481bfd5873c9794809164b24b9f	RETAIN_BRANCH_HISTORY_OWNER_COORDINATION_ONLY
origin/main@acc469312c8366e4b0438e702a5f435779e7a125	药衡智析_增量源码交接/public_source_candidate/06_评测/incremental_20260916/retrieval/retrieval_details.json	80267	86e943cc67ba82fef4d8b46ad2d550c371470fe1	RETAIN_BRANCH_HISTORY_OWNER_COORDINATION_ONLY
origin/main@acc469312c8366e4b0438e702a5f435779e7a125	药衡智析_增量源码交接/public_source_candidate/06_评测/incremental_20260916/retrieval/retrieval_results.json	20473	e29437b2f3f1124e83c5f49e713bd974272d4b18	RETAIN_BRANCH_HISTORY_OWNER_COORDINATION_ONLY
origin/main@acc469312c8366e4b0438e702a5f435779e7a125	药衡智析_增量源码交接/public_source_candidate/06_评测/incremental_20260916/retrieval/s3_event_green.txt	234	aa5cbc729afdf351161bda76374f915676c32724	RETAIN_BRANCH_HISTORY_OWNER_COORDINATION_ONLY
origin/main@acc469312c8366e4b0438e702a5f435779e7a125	药衡智析_增量源码交接/public_source_candidate/06_评测/incremental_20260916/retrieval/s3_event_red.txt	1713	839ab6b45b9e6cd8d89fa62d99030b545f3eb355	RETAIN_BRANCH_HISTORY_OWNER_COORDINATION_ONLY
origin/main@acc469312c8366e4b0438e702a5f435779e7a125	药衡智析_增量源码交接/public_source_candidate/06_评测/incremental_20260916/retrieval/v4_final/README.md	613	40ef9c94e17f8f8808f1c061a4c63c2af9fccde8	RETAIN_BRANCH_HISTORY_OWNER_COORDINATION_ONLY
origin/main@acc469312c8366e4b0438e702a5f435779e7a125	药衡智析_增量源码交接/public_source_candidate/06_评测/incremental_20260916/retrieval/v4_final/negative_case_execution.json	1647	962135f3c06f82b28a82d0162eb4262c71a3b0f3	RETAIN_BRANCH_HISTORY_OWNER_COORDINATION_ONLY
origin/main@acc469312c8366e4b0438e702a5f435779e7a125	药衡智析_增量源码交接/public_source_candidate/06_评测/incremental_20260916/retrieval/v4_final/negative_cases.xml	1786	0a048bd398f9622fcd7665a9903288c08283601c	RETAIN_BRANCH_HISTORY_OWNER_COORDINATION_ONLY
origin/main@acc469312c8366e4b0438e702a5f435779e7a125	药衡智析_增量源码交接/public_source_candidate/06_评测/incremental_20260916/retrieval/v4_final/retrieval_details.json	80253	00412d140061817b9ea5528e235b9376a0c0d701	RETAIN_BRANCH_HISTORY_OWNER_COORDINATION_ONLY
origin/main@acc469312c8366e4b0438e702a5f435779e7a125	药衡智析_增量源码交接/public_source_candidate/06_评测/incremental_20260916/retrieval/v4_final/retrieval_results.json	19978	5c263951cca5bf98fdb1873cda3d7cdd4d6087ab	RETAIN_BRANCH_HISTORY_OWNER_COORDINATION_ONLY
origin/main@acc469312c8366e4b0438e702a5f435779e7a125	药衡智析_增量源码交接/public_source_candidate/06_评测/incremental_20260916/retrieval/worker_query_scope.json	8444	b6ccab4e4c7f537accc879251ed346f2e0e9c062	RETAIN_BRANCH_HISTORY_OWNER_COORDINATION_ONLY
origin/main@acc469312c8366e4b0438e702a5f435779e7a125	药衡智析_增量源码交接/public_source_candidate/06_评测/incremental_20260916/rpa_live.json	935	4a66ac8acd7d3bffb65ab7f00f7864907b4451ea	RETAIN_BRANCH_HISTORY_OWNER_COORDINATION_ONLY
origin/main@acc469312c8366e4b0438e702a5f435779e7a125	药衡智析_增量源码交接/public_source_candidate/06_评测/incremental_20260916/scenario_reports.json	42825	2911cc60aed80bd381aedd27e442ef3e67741ba9	RETAIN_BRANCH_HISTORY_OWNER_COORDINATION_ONLY
origin/main@acc469312c8366e4b0438e702a5f435779e7a125	药衡智析_增量源码交接/public_source_candidate/06_评测/incremental_20260916/scenario_reports_delivery.json	41458	c08896bf0d32099f490c940e3ebb2e11dcdd4d82	RETAIN_BRANCH_HISTORY_OWNER_COORDINATION_ONLY
origin/main@acc469312c8366e4b0438e702a5f435779e7a125	药衡智析_增量源码交接/public_source_candidate/06_评测/incremental_20260916/scenario_reports_final.json	41146	e8da8750579f3c65f0e8bbe7221c33044267b255	RETAIN_BRANCH_HISTORY_OWNER_COORDINATION_ONLY
origin/main@acc469312c8366e4b0438e702a5f435779e7a125	药衡智析_增量源码交接/public_source_candidate/06_评测/incremental_20260916/scenario_reports_release.json	41128	57b5299324aae0aa36c336cec70caea39c758d67	RETAIN_BRANCH_HISTORY_OWNER_COORDINATION_ONLY
origin/main@acc469312c8366e4b0438e702a5f435779e7a125	药衡智析_增量源码交接/public_source_candidate/06_评测/incremental_20260916/truetype_zoom_1600.png	296164	1b0c8937f3e7288e4c28c76520dce61bb26d6eca	RETAIN_BRANCH_HISTORY_OWNER_COORDINATION_ONLY
origin/main@acc469312c8366e4b0438e702a5f435779e7a125	药衡智析_增量源码交接/public_source_candidate/06_评测/incremental_20260916/unpack_acceptance.json	1792	f44d13953e70b2c2cc39ee5b2d2f3a74e2350cd5	RETAIN_BRANCH_HISTORY_OWNER_COORDINATION_ONLY
origin/main@acc469312c8366e4b0438e702a5f435779e7a125	药衡智析_增量源码交接/public_source_candidate/06_评测/incremental_20260916/verification.json	45238	a064501791e9965b6ea779d839fd38b2f3eeeda0	RETAIN_BRANCH_HISTORY_OWNER_COORDINATION_ONLY
origin/main@acc469312c8366e4b0438e702a5f435779e7a125	药衡智析_增量源码交接/public_source_candidate/06_评测/run_20260917_glm_live/README.md	1882	53bb0540fd3ab8a93f2597163d8b8d7d8935c5dc	RETAIN_BRANCH_HISTORY_OWNER_COORDINATION_ONLY
origin/main@acc469312c8366e4b0438e702a5f435779e7a125	药衡智析_增量源码交接/public_source_candidate/06_评测/run_20260917_glm_live/browser/1366_benchmark.png	52105	3dfcdeabed052e3498cc78682481822dd4e73394	RETAIN_BRANCH_HISTORY_OWNER_COORDINATION_ONLY
origin/main@acc469312c8366e4b0438e702a5f435779e7a125	药衡智析_增量源码交接/public_source_candidate/06_评测/run_20260917_glm_live/browser/1366_cost.png	84061	9e65a2d9c7839da0aa8784ab4bc52ff0a4ac0972	RETAIN_BRANCH_HISTORY_OWNER_COORDINATION_ONLY
origin/main@acc469312c8366e4b0438e702a5f435779e7a125	药衡智析_增量源码交接/public_source_candidate/06_评测/run_20260917_glm_live/browser/1366_reports_model_pass.png	71892	8f7ae5b72ed7daa696a8d10ba4f50fffd9ee2208	RETAIN_BRANCH_HISTORY_OWNER_COORDINATION_ONLY
origin/main@acc469312c8366e4b0438e702a5f435779e7a125	药衡智析_增量源码交接/public_source_candidate/06_评测/run_20260917_glm_live/glm_probe.json	2048	02a9feaf852d0b0b24dc86714d60af5a44cb39c9	RETAIN_BRANCH_HISTORY_OWNER_COORDINATION_ONLY
origin/main@acc469312c8366e4b0438e702a5f435779e7a125	药衡智析_增量源码交接/public_source_candidate/06_评测/run_20260917_glm_live/pages/Q2/page-01.png	125872	d1fc0aa6c75c72cd48ebbb926d1269e046b7b94c	RETAIN_BRANCH_HISTORY_OWNER_COORDINATION_ONLY
origin/main@acc469312c8366e4b0438e702a5f435779e7a125	药衡智析_增量源码交接/public_source_candidate/06_评测/run_20260917_glm_live/pages/Q2/page-02.png	121631	4e3a127a5ffd83f0a3bd5b474a5684670179bc8e	RETAIN_BRANCH_HISTORY_OWNER_COORDINATION_ONLY
origin/main@acc469312c8366e4b0438e702a5f435779e7a125	药衡智析_增量源码交接/public_source_candidate/06_评测/run_20260917_glm_live/pages/Q2/page-03.png	181908	2f734836aee0a647f89f892918ccf7afde16e0b4	RETAIN_BRANCH_HISTORY_OWNER_COORDINATION_ONLY
origin/main@acc469312c8366e4b0438e702a5f435779e7a125	药衡智析_增量源码交接/public_source_candidate/06_评测/run_20260917_glm_live/pages/Q2/page-04.png	177018	901b67d44f7e9e9cedb8d73a34986b34e9a13eb5	RETAIN_BRANCH_HISTORY_OWNER_COORDINATION_ONLY
origin/main@acc469312c8366e4b0438e702a5f435779e7a125	药衡智析_增量源码交接/public_source_candidate/06_评测/run_20260917_glm_live/pages/Q2/page-05.png	162940	31aaf08bae17f21a4cdfcaec8ad34bd936d036d3	RETAIN_BRANCH_HISTORY_OWNER_COORDINATION_ONLY
origin/main@acc469312c8366e4b0438e702a5f435779e7a125	药衡智析_增量源码交接/public_source_candidate/06_评测/run_20260917_glm_live/pages/Q2/page-06.png	226408	1528b1be664f64aa3a21bcf2a594ef84d7fe97b2	RETAIN_BRANCH_HISTORY_OWNER_COORDINATION_ONLY
origin/main@acc469312c8366e4b0438e702a5f435779e7a125	药衡智析_增量源码交接/public_source_candidate/06_评测/run_20260917_glm_live/pages/Q2/page-07.png	102252	347885146ed2847355e9f3643f2aaa860e2d52dd	RETAIN_BRANCH_HISTORY_OWNER_COORDINATION_ONLY
origin/main@acc469312c8366e4b0438e702a5f435779e7a125	药衡智析_增量源码交接/public_source_candidate/06_评测/run_20260917_glm_live/pages/S1/page-01.png	123247	e6158de8513a2f64e69d57de2fb007ba33b5f442	RETAIN_BRANCH_HISTORY_OWNER_COORDINATION_ONLY
origin/main@acc469312c8366e4b0438e702a5f435779e7a125	药衡智析_增量源码交接/public_source_candidate/06_评测/run_20260917_glm_live/pages/S1/page-02.png	119001	60a10dc936a6dd0a1595fbff6123645f1ec5ed34	RETAIN_BRANCH_HISTORY_OWNER_COORDINATION_ONLY
origin/main@acc469312c8366e4b0438e702a5f435779e7a125	药衡智析_增量源码交接/public_source_candidate/06_评测/run_20260917_glm_live/pages/S1/page-03.png	198691	7de3ec07856a42af01055acfa4bc9f9297e4c890	RETAIN_BRANCH_HISTORY_OWNER_COORDINATION_ONLY
origin/main@acc469312c8366e4b0438e702a5f435779e7a125	药衡智析_增量源码交接/public_source_candidate/06_评测/run_20260917_glm_live/pages/S1/page-04.png	172666	f825c75246ea8b57ff46e0cf13c6772b504912f4	RETAIN_BRANCH_HISTORY_OWNER_COORDINATION_ONLY
origin/main@acc469312c8366e4b0438e702a5f435779e7a125	药衡智析_增量源码交接/public_source_candidate/06_评测/run_20260917_glm_live/pages/S1/page-05.png	148274	28385bc5aff1fa52162f6188b63777d5becd7f74	RETAIN_BRANCH_HISTORY_OWNER_COORDINATION_ONLY
origin/main@acc469312c8366e4b0438e702a5f435779e7a125	药衡智析_增量源码交接/public_source_candidate/06_评测/run_20260917_glm_live/pages/S1/page-06.png	250701	43b96718bb8df8174d008fdacca7ca4abcc862a1	RETAIN_BRANCH_HISTORY_OWNER_COORDINATION_ONLY
origin/main@acc469312c8366e4b0438e702a5f435779e7a125	药衡智析_增量源码交接/public_source_candidate/06_评测/run_20260917_glm_live/pages/S1/page-07.png	62917	44478f6f701195e1bf887e6a5a14872a464ca05a	RETAIN_BRANCH_HISTORY_OWNER_COORDINATION_ONLY
origin/main@acc469312c8366e4b0438e702a5f435779e7a125	药衡智析_增量源码交接/public_source_candidate/06_评测/run_20260917_glm_live/pages/S2/page-01.png	125312	7f755b53db36194ed6191f9a0ff1b6f7f0896b9e	RETAIN_BRANCH_HISTORY_OWNER_COORDINATION_ONLY
origin/main@acc469312c8366e4b0438e702a5f435779e7a125	药衡智析_增量源码交接/public_source_candidate/06_评测/run_20260917_glm_live/pages/S2/page-02.png	117990	ecad190be0ad89e8a92ca00b71223ad238da8ccf	RETAIN_BRANCH_HISTORY_OWNER_COORDINATION_ONLY
origin/main@acc469312c8366e4b0438e702a5f435779e7a125	药衡智析_增量源码交接/public_source_candidate/06_评测/run_20260917_glm_live/pages/S2/page-03.png	224348	0add92871378b4f587a281e0c91c075a419fb1a8	RETAIN_BRANCH_HISTORY_OWNER_COORDINATION_ONLY
origin/main@acc469312c8366e4b0438e702a5f435779e7a125	药衡智析_增量源码交接/public_source_candidate/06_评测/run_20260917_glm_live/pages/S2/page-04.png	167723	778b99da3f7c8b28d4c65cfa9436e1dc4cba36cd	RETAIN_BRANCH_HISTORY_OWNER_COORDINATION_ONLY
origin/main@acc469312c8366e4b0438e702a5f435779e7a125	药衡智析_增量源码交接/public_source_candidate/06_评测/run_20260917_glm_live/pages/S2/page-05.png	148901	82368dbfc1b60903011867762f9cf5e455afb168	RETAIN_BRANCH_HISTORY_OWNER_COORDINATION_ONLY
origin/main@acc469312c8366e4b0438e702a5f435779e7a125	药衡智析_增量源码交接/public_source_candidate/06_评测/run_20260917_glm_live/pages/S2/page-06.png	215265	7eeecd68675ce79b7e808d659646043d6d51a079	RETAIN_BRANCH_HISTORY_OWNER_COORDINATION_ONLY
origin/main@acc469312c8366e4b0438e702a5f435779e7a125	药衡智析_增量源码交接/public_source_candidate/06_评测/run_20260917_glm_live/pages/S2/page-07.png	70556	eef42af42091807e20725f5427c797d8daa2f334	RETAIN_BRANCH_HISTORY_OWNER_COORDINATION_ONLY
origin/main@acc469312c8366e4b0438e702a5f435779e7a125	药衡智析_增量源码交接/public_source_candidate/06_评测/run_20260917_glm_live/pages/S3/page-01.png	125892	700b18c19f9133518ac17f7d47203e85813f09f3	RETAIN_BRANCH_HISTORY_OWNER_COORDINATION_ONLY
origin/main@acc469312c8366e4b0438e702a5f435779e7a125	药衡智析_增量源码交接/public_source_candidate/06_评测/run_20260917_glm_live/pages/S3/page-02.png	122130	d5d3585fd2d4854602fbc0731f1961d63a49dd49	RETAIN_BRANCH_HISTORY_OWNER_COORDINATION_ONLY
origin/main@acc469312c8366e4b0438e702a5f435779e7a125	药衡智析_增量源码交接/public_source_candidate/06_评测/run_20260917_glm_live/pages/S3/page-03.png	185933	40e805cae200ef63bbf112e89d086bf4f5c419b3	RETAIN_BRANCH_HISTORY_OWNER_COORDINATION_ONLY
origin/main@acc469312c8366e4b0438e702a5f435779e7a125	药衡智析_增量源码交接/public_source_candidate/06_评测/run_20260917_glm_live/pages/S3/page-04.png	200159	ec5b9099936281a746e44886104aa456b02dde4d	RETAIN_BRANCH_HISTORY_OWNER_COORDINATION_ONLY
origin/main@acc469312c8366e4b0438e702a5f435779e7a125	药衡智析_增量源码交接/public_source_candidate/06_评测/run_20260917_glm_live/pages/S3/page-05.png	150267	51ea69e7c80e6ffba7c04aa73c4e07a38f59b3bd	RETAIN_BRANCH_HISTORY_OWNER_COORDINATION_ONLY
origin/main@acc469312c8366e4b0438e702a5f435779e7a125	药衡智析_增量源码交接/public_source_candidate/06_评测/run_20260917_glm_live/pages/S3/page-06.png	243116	600d8063b846270cd6546fbc35f812205c2be280	RETAIN_BRANCH_HISTORY_OWNER_COORDINATION_ONLY
origin/main@acc469312c8366e4b0438e702a5f435779e7a125	药衡智析_增量源码交接/public_source_candidate/06_评测/run_20260917_glm_live/pages/S3/page-07.png	97815	099d4a305b21599b5714ec4db6c2821a510ff9e4	RETAIN_BRANCH_HISTORY_OWNER_COORDINATION_ONLY
origin/main@acc469312c8366e4b0438e702a5f435779e7a125	药衡智析_增量源码交接/public_source_candidate/06_评测/run_20260917_glm_live/pages/manifest.json	12105	aa042827bd9a92eaff60a702608c3b74ed806f3a	RETAIN_BRANCH_HISTORY_OWNER_COORDINATION_ONLY
origin/main@acc469312c8366e4b0438e702a5f435779e7a125	药衡智析_增量源码交接/public_source_candidate/06_评测/run_20260917_glm_live/scenario_reports.json	43321	fe8c4f01662dcf8ca8c8395991b906355b70c9ce	RETAIN_BRANCH_HISTORY_OWNER_COORDINATION_ONLY
origin/main@acc469312c8366e4b0438e702a5f435779e7a125	药衡智析_增量源码交接/public_source_candidate/06_评测/run_20260917_glm_live/scenario_reports_v2.json	43804	a999f3d1243df5f10b415e80e5a021755ef10cb5	RETAIN_BRANCH_HISTORY_OWNER_COORDINATION_ONLY
origin/main@acc469312c8366e4b0438e702a5f435779e7a125	药衡智析_增量源码交接/public_source_candidate/06_评测/run_20260917_glm_live/scenario_reports_v3.json	43365	608bc063a4373fb2f4ca03f5f86f0de42f0c97d8	RETAIN_BRANCH_HISTORY_OWNER_COORDINATION_ONLY
origin/main@acc469312c8366e4b0438e702a5f435779e7a125	药衡智析_增量源码交接/public_source_candidate/06_评测/run_20260917_local/README.md	2522	1e64f597742989098956f568c5b38ad498964bed	RETAIN_BRANCH_HISTORY_OWNER_COORDINATION_ONLY
origin/main@acc469312c8366e4b0438e702a5f435779e7a125	药衡智析_增量源码交接/public_source_candidate/06_评测/run_20260917_local/browser/1366_benchmark.png	52105	3dfcdeabed052e3498cc78682481822dd4e73394	RETAIN_BRANCH_HISTORY_OWNER_COORDINATION_ONLY
origin/main@acc469312c8366e4b0438e702a5f435779e7a125	药衡智析_增量源码交接/public_source_candidate/06_评测/run_20260917_local/browser/1366_cost.png	84061	9e65a2d9c7839da0aa8784ab4bc52ff0a4ac0972	RETAIN_BRANCH_HISTORY_OWNER_COORDINATION_ONLY
origin/main@acc469312c8366e4b0438e702a5f435779e7a125	药衡智析_增量源码交接/public_source_candidate/06_评测/run_20260917_local/browser/1366_evidence.png	68941	7a6c520df0c73b7a5a58e08be1ec89bfd7c85f45	RETAIN_BRANCH_HISTORY_OWNER_COORDINATION_ONLY
origin/main@acc469312c8366e4b0438e702a5f435779e7a125	药衡智析_增量源码交接/public_source_candidate/06_评测/run_20260917_local/browser/1366_quarter.png	61326	c6ec47b00e9c00b749f58edff7f73eb51838f375	RETAIN_BRANCH_HISTORY_OWNER_COORDINATION_ONLY
origin/main@acc469312c8366e4b0438e702a5f435779e7a125	药衡智析_增量源码交接/public_source_candidate/06_评测/run_20260917_local/browser_v2/1366_benchmark.png	321058	9b8d49cf21a8d2064947b8568550000ec888ab1d	RETAIN_BRANCH_HISTORY_OWNER_COORDINATION_ONLY
origin/main@acc469312c8366e4b0438e702a5f435779e7a125	药衡智析_增量源码交接/public_source_candidate/06_评测/run_20260917_local/browser_v2/1366_cost.png	84061	9e65a2d9c7839da0aa8784ab4bc52ff0a4ac0972	RETAIN_BRANCH_HISTORY_OWNER_COORDINATION_ONLY
origin/main@acc469312c8366e4b0438e702a5f435779e7a125	药衡智析_增量源码交接/public_source_candidate/06_评测/run_20260917_local/browser_v2/1366_evidence.png	67087	b3d7069ef09f748ccb984caab1377ba4e4c5e31d	RETAIN_BRANCH_HISTORY_OWNER_COORDINATION_ONLY
origin/main@acc469312c8366e4b0438e702a5f435779e7a125	药衡智析_增量源码交接/public_source_candidate/06_评测/run_20260917_local/browser_v2/1366_quarter.png	86011	be5609188d5211e15485ab1fddef923204a05ad3	RETAIN_BRANCH_HISTORY_OWNER_COORDINATION_ONLY
origin/main@acc469312c8366e4b0438e702a5f435779e7a125	药衡智析_增量源码交接/public_source_candidate/06_评测/run_20260917_local/glm_probe.json	1003	332b7257b5106ff454395624ea403d206e3cfa71	RETAIN_BRANCH_HISTORY_OWNER_COORDINATION_ONLY
origin/main@acc469312c8366e4b0438e702a5f435779e7a125	药衡智析_增量源码交接/public_source_candidate/06_评测/run_20260917_local/pages/Q2/page-01.png	125296	fcf7f92f5bfa96a9e45f59a424552ada2c71ad8f	RETAIN_BRANCH_HISTORY_OWNER_COORDINATION_ONLY
origin/main@acc469312c8366e4b0438e702a5f435779e7a125	药衡智析_增量源码交接/public_source_candidate/06_评测/run_20260917_local/pages/Q2/page-02.png	121631	4e3a127a5ffd83f0a3bd5b474a5684670179bc8e	RETAIN_BRANCH_HISTORY_OWNER_COORDINATION_ONLY
origin/main@acc469312c8366e4b0438e702a5f435779e7a125	药衡智析_增量源码交接/public_source_candidate/06_评测/run_20260917_local/pages/Q2/page-03.png	181908	2f734836aee0a647f89f892918ccf7afde16e0b4	RETAIN_BRANCH_HISTORY_OWNER_COORDINATION_ONLY
origin/main@acc469312c8366e4b0438e702a5f435779e7a125	药衡智析_增量源码交接/public_source_candidate/06_评测/run_20260917_local/pages/Q2/page-04.png	177018	901b67d44f7e9e9cedb8d73a34986b34e9a13eb5	RETAIN_BRANCH_HISTORY_OWNER_COORDINATION_ONLY
origin/main@acc469312c8366e4b0438e702a5f435779e7a125	药衡智析_增量源码交接/public_source_candidate/06_评测/run_20260917_local/pages/Q2/page-05.png	162940	31aaf08bae17f21a4cdfcaec8ad34bd936d036d3	RETAIN_BRANCH_HISTORY_OWNER_COORDINATION_ONLY
origin/main@acc469312c8366e4b0438e702a5f435779e7a125	药衡智析_增量源码交接/public_source_candidate/06_评测/run_20260917_local/pages/Q2/page-06.png	214504	a76d7c002b816d2edff7aa8e0630c2e3d3a437fb	RETAIN_BRANCH_HISTORY_OWNER_COORDINATION_ONLY
origin/main@acc469312c8366e4b0438e702a5f435779e7a125	药衡智析_增量源码交接/public_source_candidate/06_评测/run_20260917_local/pages/Q2/page-07.png	96211	fb55fa9bbc45a6de6543f92e3a8da89f9f188858	RETAIN_BRANCH_HISTORY_OWNER_COORDINATION_ONLY
origin/main@acc469312c8366e4b0438e702a5f435779e7a125	药衡智析_增量源码交接/public_source_candidate/06_评测/run_20260917_local/pages/S1/page-01.png	122497	58706c6e94efae8ae865d70b6ab049d954434d53	RETAIN_BRANCH_HISTORY_OWNER_COORDINATION_ONLY
origin/main@acc469312c8366e4b0438e702a5f435779e7a125	药衡智析_增量源码交接/public_source_candidate/06_评测/run_20260917_local/pages/S1/page-02.png	119084	454c9bbe7cc8b59ea5f64a673104610e653beb27	RETAIN_BRANCH_HISTORY_OWNER_COORDINATION_ONLY
origin/main@acc469312c8366e4b0438e702a5f435779e7a125	药衡智析_增量源码交接/public_source_candidate/06_评测/run_20260917_local/pages/S1/page-03.png	198757	dc0ea54f4ddbab3cae32ac4f145d622a20c8e0aa	RETAIN_BRANCH_HISTORY_OWNER_COORDINATION_ONLY
origin/main@acc469312c8366e4b0438e702a5f435779e7a125	药衡智析_增量源码交接/public_source_candidate/06_评测/run_20260917_local/pages/S1/page-04.png	172683	dae911e58e693d8aee9458f661aa3720fc4418ec	RETAIN_BRANCH_HISTORY_OWNER_COORDINATION_ONLY
origin/main@acc469312c8366e4b0438e702a5f435779e7a125	药衡智析_增量源码交接/public_source_candidate/06_评测/run_20260917_local/pages/S1/page-05.png	148334	44020831493d51fc3f4ec258cdb8f9805036cbc7	RETAIN_BRANCH_HISTORY_OWNER_COORDINATION_ONLY
origin/main@acc469312c8366e4b0438e702a5f435779e7a125	药衡智析_增量源码交接/public_source_candidate/06_评测/run_20260917_local/pages/S1/page-06.png	234258	6672e11c423db1137173097074ae8b9bcd495ed4	RETAIN_BRANCH_HISTORY_OWNER_COORDINATION_ONLY
origin/main@acc469312c8366e4b0438e702a5f435779e7a125	药衡智析_增量源码交接/public_source_candidate/06_评测/run_20260917_local/pages/S2/page-01.png	124486	70d027f352e86b7a29e861c24bc33e6a6290a5f7	RETAIN_BRANCH_HISTORY_OWNER_COORDINATION_ONLY
origin/main@acc469312c8366e4b0438e702a5f435779e7a125	药衡智析_增量源码交接/public_source_candidate/06_评测/run_20260917_local/pages/S2/page-02.png	118054	3caf9a2cb19f913f551050433a038a3616cfb552	RETAIN_BRANCH_HISTORY_OWNER_COORDINATION_ONLY
origin/main@acc469312c8366e4b0438e702a5f435779e7a125	药衡智析_增量源码交接/public_source_candidate/06_评测/run_20260917_local/pages/S2/page-03.png	200087	e81831d8535b38f608818d092b713483a2c548ce	RETAIN_BRANCH_HISTORY_OWNER_COORDINATION_ONLY
origin/main@acc469312c8366e4b0438e702a5f435779e7a125	药衡智析_增量源码交接/public_source_candidate/06_评测/run_20260917_local/pages/S2/page-04.png	161290	c399d28b78f2de835d1f0649da479ba2d69d2ac1	RETAIN_BRANCH_HISTORY_OWNER_COORDINATION_ONLY
origin/main@acc469312c8366e4b0438e702a5f435779e7a125	药衡智析_增量源码交接/public_source_candidate/06_评测/run_20260917_local/pages/S2/page-05.png	147600	b7ff2063864fac05276a56a70264b3b77ade4670	RETAIN_BRANCH_HISTORY_OWNER_COORDINATION_ONLY
origin/main@acc469312c8366e4b0438e702a5f435779e7a125	药衡智析_增量源码交接/public_source_candidate/06_评测/run_20260917_local/pages/S2/page-06.png	236670	80881ec2a140ea8e64a6f1abce1f7a221941febc	RETAIN_BRANCH_HISTORY_OWNER_COORDINATION_ONLY
origin/main@acc469312c8366e4b0438e702a5f435779e7a125	药衡智析_增量源码交接/public_source_candidate/06_评测/run_20260917_local/pages/S3/page-01.png	125077	af758dd936c95111541947e55dd4d4bef6415624	RETAIN_BRANCH_HISTORY_OWNER_COORDINATION_ONLY
origin/main@acc469312c8366e4b0438e702a5f435779e7a125	药衡智析_增量源码交接/public_source_candidate/06_评测/run_20260917_local/pages/S3/page-02.png	122130	d5d3585fd2d4854602fbc0731f1961d63a49dd49	RETAIN_BRANCH_HISTORY_OWNER_COORDINATION_ONLY
origin/main@acc469312c8366e4b0438e702a5f435779e7a125	药衡智析_增量源码交接/public_source_candidate/06_评测/run_20260917_local/pages/S3/page-03.png	185933	40e805cae200ef63bbf112e89d086bf4f5c419b3	RETAIN_BRANCH_HISTORY_OWNER_COORDINATION_ONLY
origin/main@acc469312c8366e4b0438e702a5f435779e7a125	药衡智析_增量源码交接/public_source_candidate/06_评测/run_20260917_local/pages/S3/page-04.png	200159	ec5b9099936281a746e44886104aa456b02dde4d	RETAIN_BRANCH_HISTORY_OWNER_COORDINATION_ONLY
origin/main@acc469312c8366e4b0438e702a5f435779e7a125	药衡智析_增量源码交接/public_source_candidate/06_评测/run_20260917_local/pages/S3/page-05.png	149413	72d8bc9a50f320cc3dd1f555fb3afb436e4cf424	RETAIN_BRANCH_HISTORY_OWNER_COORDINATION_ONLY
origin/main@acc469312c8366e4b0438e702a5f435779e7a125	药衡智析_增量源码交接/public_source_candidate/06_评测/run_20260917_local/pages/S3/page-06.png	214967	823cb022fd6d231f188f15f89f28184473833688	RETAIN_BRANCH_HISTORY_OWNER_COORDINATION_ONLY
origin/main@acc469312c8366e4b0438e702a5f435779e7a125	药衡智析_增量源码交接/public_source_candidate/06_评测/run_20260917_local/pages/S3/page-07.png	49854	658ee9303bbc2cdc51039ccf2b0ab52cb26a2252	RETAIN_BRANCH_HISTORY_OWNER_COORDINATION_ONLY
origin/main@acc469312c8366e4b0438e702a5f435779e7a125	药衡智析_增量源码交接/public_source_candidate/06_评测/run_20260917_local/pages/manifest.json	11163	b57e73045b2cd3b9ae0b571adef6801444d3eab4	RETAIN_BRANCH_HISTORY_OWNER_COORDINATION_ONLY
origin/main@acc469312c8366e4b0438e702a5f435779e7a125	药衡智析_增量源码交接/public_source_candidate/06_评测/run_20260917_local/scenario_reports.json	42471	369bde0c05de6bdd97990d32f37ea85a199d27d6	RETAIN_BRANCH_HISTORY_OWNER_COORDINATION_ONLY
origin/main@acc469312c8366e4b0438e702a5f435779e7a125	药衡智析_增量源码交接/public_source_candidate/06_评测/run_20260917_local/scenario_reports_v2.json	42603	507872472cdc5819db03a4e39889fff70adec6e5	RETAIN_BRANCH_HISTORY_OWNER_COORDINATION_ONLY
origin/main@acc469312c8366e4b0438e702a5f435779e7a125	药衡智析_增量源码交接/public_source_candidate/06_评测/unpack_receipts/unpack_acceptance_20260917_023622.json	1848	9f84e722ae1f552c09cd91d00ee3f443a8e95ed6	RETAIN_BRANCH_HISTORY_OWNER_COORDINATION_ONLY
origin/main@acc469312c8366e4b0438e702a5f435779e7a125	药衡智析_增量源码交接/public_source_candidate/06_评测/unpack_receipts/unpack_acceptance_20260917_030857.json	1848	b1684aee5e2f5da363d144e565ab4de5b1fef94f	RETAIN_BRANCH_HISTORY_OWNER_COORDINATION_ONLY
origin/main@acc469312c8366e4b0438e702a5f435779e7a125	药衡智析_增量源码交接/public_source_candidate/06_评测/unpack_receipts/unpack_acceptance_20260917_031129.json	1848	b1efb16866595e0aa87ac08877513fa8d4eabd7f	RETAIN_BRANCH_HISTORY_OWNER_COORDINATION_ONLY
origin/main@acc469312c8366e4b0438e702a5f435779e7a125	药衡智析_增量源码交接/public_source_candidate/06_评测/unpack_receipts/unpack_acceptance_20260917_final.json	1848	6df0db79d97f92e7b5b14fb49024495f2eacaaf8	RETAIN_BRANCH_HISTORY_OWNER_COORDINATION_ONLY
origin/main@acc469312c8366e4b0438e702a5f435779e7a125	药衡智析_增量源码交接/public_source_candidate/06_评测/verify_20260917_defect_fixes/verification.json	2207	bf5308e566f33ee63ad76f199d95e64138b0f389	RETAIN_BRANCH_HISTORY_OWNER_COORDINATION_ONLY
origin/main@acc469312c8366e4b0438e702a5f435779e7a125	药衡智析_增量源码交接/public_source_candidate/07_交付/artifact.json	67814	eab139c27173d0a105cfa98cad0dbfe6095cd87a	RETAIN_BRANCH_HISTORY_OWNER_COORDINATION_ONLY
origin/main@acc469312c8366e4b0438e702a5f435779e7a125	药衡智析_增量源码交接/public_source_candidate/07_交付/业务报告/10f0770ec2aa4500b6e19435f1867785/benchmark.png	32087	160acd78f6765b7659c96fbbcbf10bf7b8c476bf	RETAIN_BRANCH_HISTORY_OWNER_COORDINATION_ONLY
origin/main@acc469312c8366e4b0438e702a5f435779e7a125	药衡智析_增量源码交接/public_source_candidate/07_交付/业务报告/10f0770ec2aa4500b6e19435f1867785/machine_audit.json	218755	f112dfb05fc0e4161831fd575ecb04598c069cbf	RETAIN_BRANCH_HISTORY_OWNER_COORDINATION_ONLY
origin/main@acc469312c8366e4b0438e702a5f435779e7a125	药衡智析_增量源码交接/public_source_candidate/07_交付/业务报告/10f0770ec2aa4500b6e19435f1867785/record.json	222248	6cac7e367e9b9de191f768c5ee303ef714b0a8e2	RETAIN_BRANCH_HISTORY_OWNER_COORDINATION_ONLY
origin/main@acc469312c8366e4b0438e702a5f435779e7a125	药衡智析_增量源码交接/public_source_candidate/07_交付/业务报告/10f0770ec2aa4500b6e19435f1867785/report.docx	139711	dd56d194452d04f2ae2b55698197d4c24695ced8	RETAIN_BRANCH_HISTORY_OWNER_COORDINATION_ONLY
origin/main@acc469312c8366e4b0438e702a5f435779e7a125	药衡智析_增量源码交接/public_source_candidate/07_交付/业务报告/10f0770ec2aa4500b6e19435f1867785/report.pdf	533205	dc777fdd547613d06a9eed1742b4a7b96db134a0	RETAIN_BRANCH_HISTORY_OWNER_COORDINATION_ONLY
origin/main@acc469312c8366e4b0438e702a5f435779e7a125	药衡智析_增量源码交接/public_source_candidate/07_交付/业务报告/10f0770ec2aa4500b6e19435f1867785/structure.png	27020	5767c832eec5bc1a750842f0dc03471c1752691f	RETAIN_BRANCH_HISTORY_OWNER_COORDINATION_ONLY
origin/main@acc469312c8366e4b0438e702a5f435779e7a125	药衡智析_增量源码交接/public_source_candidate/07_交付/业务报告/10f0770ec2aa4500b6e19435f1867785/trend.png	31502	a327b38efbdfc4ae5ad44606702457550c0591af	RETAIN_BRANCH_HISTORY_OWNER_COORDINATION_ONLY
origin/main@acc469312c8366e4b0438e702a5f435779e7a125	药衡智析_增量源码交接/public_source_candidate/07_交付/业务报告/10f0770ec2aa4500b6e19435f1867785/waterfall.png	27181	8e9fd4388ea9a46cdab25effb518629d396df392	RETAIN_BRANCH_HISTORY_OWNER_COORDINATION_ONLY
origin/main@acc469312c8366e4b0438e702a5f435779e7a125	药衡智析_增量源码交接/public_source_candidate/07_交付/业务报告/1c09c6559d164661b8fdd7694d2a49e5/benchmark.png	31990	179053e314a257cfe8fc2c8faf6271de50cabdd4	RETAIN_BRANCH_HISTORY_OWNER_COORDINATION_ONLY
origin/main@acc469312c8366e4b0438e702a5f435779e7a125	药衡智析_增量源码交接/public_source_candidate/07_交付/业务报告/1c09c6559d164661b8fdd7694d2a49e5/machine_audit.json	187287	d25ced11cd63d2beca61c4dbbd7daa3e6576986e	RETAIN_BRANCH_HISTORY_OWNER_COORDINATION_ONLY
origin/main@acc469312c8366e4b0438e702a5f435779e7a125	药衡智析_增量源码交接/public_source_candidate/07_交付/业务报告/1c09c6559d164661b8fdd7694d2a49e5/record.json	190652	6fa21da67e42ac64ad4f0de593b400b7298b5c1b	RETAIN_BRANCH_HISTORY_OWNER_COORDINATION_ONLY
origin/main@acc469312c8366e4b0438e702a5f435779e7a125	药衡智析_增量源码交接/public_source_candidate/07_交付/业务报告/1c09c6559d164661b8fdd7694d2a49e5/report.docx	147983	e20cad9eeafb399dc2a4e29b49dfbd9c647edbb7	RETAIN_BRANCH_HISTORY_OWNER_COORDINATION_ONLY
origin/main@acc469312c8366e4b0438e702a5f435779e7a125	药衡智析_增量源码交接/public_source_candidate/07_交付/业务报告/1c09c6559d164661b8fdd7694d2a49e5/report.pdf	415569	597bd03f8f6382bee5ff291d3d1eade54f8f2617	RETAIN_BRANCH_HISTORY_OWNER_COORDINATION_ONLY
origin/main@acc469312c8366e4b0438e702a5f435779e7a125	药衡智析_增量源码交接/public_source_candidate/07_交付/业务报告/1c09c6559d164661b8fdd7694d2a49e5/structure.png	30548	4aa94101dfa9f41b699c4421c089a5d1466cb960	RETAIN_BRANCH_HISTORY_OWNER_COORDINATION_ONLY
origin/main@acc469312c8366e4b0438e702a5f435779e7a125	药衡智析_增量源码交接/public_source_candidate/07_交付/业务报告/1c09c6559d164661b8fdd7694d2a49e5/trend.png	42509	f48f57e65c6cdccaa4892575fc4dd67b89a7fe44	RETAIN_BRANCH_HISTORY_OWNER_COORDINATION_ONLY
origin/main@acc469312c8366e4b0438e702a5f435779e7a125	药衡智析_增量源码交接/public_source_candidate/07_交付/业务报告/1c09c6559d164661b8fdd7694d2a49e5/waterfall.png	29889	503c9a3d86ae4268e33b0ab0c02eefbf1118dffd	RETAIN_BRANCH_HISTORY_OWNER_COORDINATION_ONLY
origin/main@acc469312c8366e4b0438e702a5f435779e7a125	药衡智析_增量源码交接/public_source_candidate/07_交付/业务报告/253ea839b5094d6ba297cf48ee00d61a/benchmark.png	28194	b89a7337f21001ba5208b215b697b37d2c3fb7dd	RETAIN_BRANCH_HISTORY_OWNER_COORDINATION_ONLY
origin/main@acc469312c8366e4b0438e702a5f435779e7a125	药衡智析_增量源码交接/public_source_candidate/07_交付/业务报告/253ea839b5094d6ba297cf48ee00d61a/machine_audit.json	213924	5d797687cfa3779f606c0b41f5050271f45b5f8a	RETAIN_BRANCH_HISTORY_OWNER_COORDINATION_ONLY
origin/main@acc469312c8366e4b0438e702a5f435779e7a125	药衡智析_增量源码交接/public_source_candidate/07_交付/业务报告/253ea839b5094d6ba297cf48ee00d61a/record.json	217423	617115d27728997a297eae2547eb555c3771fa77	RETAIN_BRANCH_HISTORY_OWNER_COORDINATION_ONLY
origin/main@acc469312c8366e4b0438e702a5f435779e7a125	药衡智析_增量源码交接/public_source_candidate/07_交付/业务报告/253ea839b5094d6ba297cf48ee00d61a/report.docx	140793	dbf83f103993204e87c82c5ce81e2211901a691e	RETAIN_BRANCH_HISTORY_OWNER_COORDINATION_ONLY
origin/main@acc469312c8366e4b0438e702a5f435779e7a125	药衡智析_增量源码交接/public_source_candidate/07_交付/业务报告/253ea839b5094d6ba297cf48ee00d61a/report.pdf	539347	88779a4c8a52bad5cb0cf6f13828d361fc8d554c	RETAIN_BRANCH_HISTORY_OWNER_COORDINATION_ONLY
origin/main@acc469312c8366e4b0438e702a5f435779e7a125	药衡智析_增量源码交接/public_source_candidate/07_交付/业务报告/253ea839b5094d6ba297cf48ee00d61a/structure.png	25330	aaab51e6ef9d81305bb927ecdbc3f4ba53734df4	RETAIN_BRANCH_HISTORY_OWNER_COORDINATION_ONLY
origin/main@acc469312c8366e4b0438e702a5f435779e7a125	药衡智析_增量源码交接/public_source_candidate/07_交付/业务报告/253ea839b5094d6ba297cf48ee00d61a/trend.png	38679	b43b531baea576a6645efb5df2ca9290e1710c7d	RETAIN_BRANCH_HISTORY_OWNER_COORDINATION_ONLY
origin/main@acc469312c8366e4b0438e702a5f435779e7a125	药衡智析_增量源码交接/public_source_candidate/07_交付/业务报告/253ea839b5094d6ba297cf48ee00d61a/waterfall.png	25674	2641020404f1cd40796778684f54d60cfb44db00	RETAIN_BRANCH_HISTORY_OWNER_COORDINATION_ONLY
origin/main@acc469312c8366e4b0438e702a5f435779e7a125	药衡智析_增量源码交接/public_source_candidate/07_交付/业务报告/277f6290a032480eab15a647258a9240/benchmark.png	28194	b89a7337f21001ba5208b215b697b37d2c3fb7dd	RETAIN_BRANCH_HISTORY_OWNER_COORDINATION_ONLY
origin/main@acc469312c8366e4b0438e702a5f435779e7a125	药衡智析_增量源码交接/public_source_candidate/07_交付/业务报告/277f6290a032480eab15a647258a9240/machine_audit.json	207985	e78db2ed3c18f6446b54250fb54ec61d0604832f	RETAIN_BRANCH_HISTORY_OWNER_COORDINATION_ONLY
origin/main@acc469312c8366e4b0438e702a5f435779e7a125	药衡智析_增量源码交接/public_source_candidate/07_交付/业务报告/277f6290a032480eab15a647258a9240/record.json	211484	571ba47e72157ff114553420ade57d17391d9673	RETAIN_BRANCH_HISTORY_OWNER_COORDINATION_ONLY
origin/main@acc469312c8366e4b0438e702a5f435779e7a125	药衡智析_增量源码交接/public_source_candidate/07_交付/业务报告/277f6290a032480eab15a647258a9240/report.docx	140571	c5022cb8af0ca007597df613dd68b24c37fd607e	RETAIN_BRANCH_HISTORY_OWNER_COORDINATION_ONLY
origin/main@acc469312c8366e4b0438e702a5f435779e7a125	药衡智析_增量源码交接/public_source_candidate/07_交付/业务报告/277f6290a032480eab15a647258a9240/report.pdf	531857	b769b4e44b3745bfa70f6ea1991262d0985c6979	RETAIN_BRANCH_HISTORY_OWNER_COORDINATION_ONLY
origin/main@acc469312c8366e4b0438e702a5f435779e7a125	药衡智析_增量源码交接/public_source_candidate/07_交付/业务报告/277f6290a032480eab15a647258a9240/structure.png	25330	aaab51e6ef9d81305bb927ecdbc3f4ba53734df4	RETAIN_BRANCH_HISTORY_OWNER_COORDINATION_ONLY
origin/main@acc469312c8366e4b0438e702a5f435779e7a125	药衡智析_增量源码交接/public_source_candidate/07_交付/业务报告/277f6290a032480eab15a647258a9240/trend.png	38679	b43b531baea576a6645efb5df2ca9290e1710c7d	RETAIN_BRANCH_HISTORY_OWNER_COORDINATION_ONLY
origin/main@acc469312c8366e4b0438e702a5f435779e7a125	药衡智析_增量源码交接/public_source_candidate/07_交付/业务报告/277f6290a032480eab15a647258a9240/waterfall.png	25674	2641020404f1cd40796778684f54d60cfb44db00	RETAIN_BRANCH_HISTORY_OWNER_COORDINATION_ONLY
origin/main@acc469312c8366e4b0438e702a5f435779e7a125	药衡智析_增量源码交接/public_source_candidate/07_交付/业务报告/29579247d47f4778a286b624c1db5747/benchmark.png	27302	0845946b344b4143f3523de9b58b9b5b97c793c1	RETAIN_BRANCH_HISTORY_OWNER_COORDINATION_ONLY
origin/main@acc469312c8366e4b0438e702a5f435779e7a125	药衡智析_增量源码交接/public_source_candidate/07_交付/业务报告/29579247d47f4778a286b624c1db5747/machine_audit.json	204917	dc60a9d62cdabe27288255859ca1d9cb4e4114b9	RETAIN_BRANCH_HISTORY_OWNER_COORDINATION_ONLY
origin/main@acc469312c8366e4b0438e702a5f435779e7a125	药衡智析_增量源码交接/public_source_candidate/07_交付/业务报告/29579247d47f4778a286b624c1db5747/record.json	208410	7aa524098d5736c9e7fb457d78fc0e7d6ae19bed	RETAIN_BRANCH_HISTORY_OWNER_COORDINATION_ONLY
origin/main@acc469312c8366e4b0438e702a5f435779e7a125	药衡智析_增量源码交接/public_source_candidate/07_交付/业务报告/29579247d47f4778a286b624c1db5747/report.docx	138007	b479e9715359f3eb949c7ce47db1036587ac80d1	RETAIN_BRANCH_HISTORY_OWNER_COORDINATION_ONLY
origin/main@acc469312c8366e4b0438e702a5f435779e7a125	药衡智析_增量源码交接/public_source_candidate/07_交付/业务报告/29579247d47f4778a286b624c1db5747/report.pdf	522998	9695452e5fd56101c315aaf848545c38d78f1b32	RETAIN_BRANCH_HISTORY_OWNER_COORDINATION_ONLY
origin/main@acc469312c8366e4b0438e702a5f435779e7a125	药衡智析_增量源码交接/public_source_candidate/07_交付/业务报告/29579247d47f4778a286b624c1db5747/structure.png	25329	13e4a065acb9e0addc3a406aa89ce9d822abd36c	RETAIN_BRANCH_HISTORY_OWNER_COORDINATION_ONLY
origin/main@acc469312c8366e4b0438e702a5f435779e7a125	药衡智析_增量源码交接/public_source_candidate/07_交付/业务报告/29579247d47f4778a286b624c1db5747/trend.png	35607	9148b540c7fd9fe22c9ff12becda22cccc0db1d1	RETAIN_BRANCH_HISTORY_OWNER_COORDINATION_ONLY
origin/main@acc469312c8366e4b0438e702a5f435779e7a125	药衡智析_增量源码交接/public_source_candidate/07_交付/业务报告/29579247d47f4778a286b624c1db5747/waterfall.png	27220	123ee2e34fec4a09b71219c4abe390014fcb15ea	RETAIN_BRANCH_HISTORY_OWNER_COORDINATION_ONLY
origin/main@acc469312c8366e4b0438e702a5f435779e7a125	药衡智析_增量源码交接/public_source_candidate/07_交付/业务报告/32bb891aed3b416081c6d466844de74d/report.docx	11	0978398d43083ac2a9fea3ca51fb53f4c4faa9df	RETAIN_BRANCH_HISTORY_OWNER_COORDINATION_ONLY
origin/main@acc469312c8366e4b0438e702a5f435779e7a125	药衡智析_增量源码交接/public_source_candidate/07_交付/业务报告/349706eb066a4505996fcdbe5b10e7c8/benchmark.png	27302	0845946b344b4143f3523de9b58b9b5b97c793c1	RETAIN_BRANCH_HISTORY_OWNER_COORDINATION_ONLY
origin/main@acc469312c8366e4b0438e702a5f435779e7a125	药衡智析_增量源码交接/public_source_candidate/07_交付/业务报告/349706eb066a4505996fcdbe5b10e7c8/machine_audit.json	219891	3865b8898827d7a483b84ce552cd7183133ec7a5	RETAIN_BRANCH_HISTORY_OWNER_COORDINATION_ONLY
origin/main@acc469312c8366e4b0438e702a5f435779e7a125	药衡智析_增量源码交接/public_source_candidate/07_交付/业务报告/349706eb066a4505996fcdbe5b10e7c8/record.json	223384	5c037591d7ca0d22cb01f8dfa33aea593e67f90c	RETAIN_BRANCH_HISTORY_OWNER_COORDINATION_ONLY
origin/main@acc469312c8366e4b0438e702a5f435779e7a125	药衡智析_增量源码交接/public_source_candidate/07_交付/业务报告/349706eb066a4505996fcdbe5b10e7c8/report.docx	138252	d3b6890a962d315c0beb2c03dc48f8389112a3cb	RETAIN_BRANCH_HISTORY_OWNER_COORDINATION_ONLY
origin/main@acc469312c8366e4b0438e702a5f435779e7a125	药衡智析_增量源码交接/public_source_candidate/07_交付/业务报告/349706eb066a4505996fcdbe5b10e7c8/report.pdf	532729	b9ef1820ba05d32af3425dc2f5582b30834ef8d4	RETAIN_BRANCH_HISTORY_OWNER_COORDINATION_ONLY
origin/main@acc469312c8366e4b0438e702a5f435779e7a125	药衡智析_增量源码交接/public_source_candidate/07_交付/业务报告/349706eb066a4505996fcdbe5b10e7c8/structure.png	25329	13e4a065acb9e0addc3a406aa89ce9d822abd36c	RETAIN_BRANCH_HISTORY_OWNER_COORDINATION_ONLY
origin/main@acc469312c8366e4b0438e702a5f435779e7a125	药衡智析_增量源码交接/public_source_candidate/07_交付/业务报告/349706eb066a4505996fcdbe5b10e7c8/trend.png	35607	9148b540c7fd9fe22c9ff12becda22cccc0db1d1	RETAIN_BRANCH_HISTORY_OWNER_COORDINATION_ONLY
origin/main@acc469312c8366e4b0438e702a5f435779e7a125	药衡智析_增量源码交接/public_source_candidate/07_交付/业务报告/349706eb066a4505996fcdbe5b10e7c8/waterfall.png	27220	123ee2e34fec4a09b71219c4abe390014fcb15ea	RETAIN_BRANCH_HISTORY_OWNER_COORDINATION_ONLY
origin/main@acc469312c8366e4b0438e702a5f435779e7a125	药衡智析_增量源码交接/public_source_candidate/07_交付/业务报告/352cee1792774ee1a42aac2af4acc7fb/benchmark.png	28131	3d7f9b99353f001147eb7054c7a284b6d30d16b9	RETAIN_BRANCH_HISTORY_OWNER_COORDINATION_ONLY
origin/main@acc469312c8366e4b0438e702a5f435779e7a125	药衡智析_增量源码交接/public_source_candidate/07_交付/业务报告/352cee1792774ee1a42aac2af4acc7fb/machine_audit.json	192546	76abc9ad7bf85b56edc9103caaad4841f58e27d6	RETAIN_BRANCH_HISTORY_OWNER_COORDINATION_ONLY
origin/main@acc469312c8366e4b0438e702a5f435779e7a125	药衡智析_增量源码交接/public_source_candidate/07_交付/业务报告/352cee1792774ee1a42aac2af4acc7fb/record.json	196039	f75429a8d59fac38a9ed52c9eea80dcf307dabf8	RETAIN_BRANCH_HISTORY_OWNER_COORDINATION_ONLY
origin/main@acc469312c8366e4b0438e702a5f435779e7a125	药衡智析_增量源码交接/public_source_candidate/07_交付/业务报告/352cee1792774ee1a42aac2af4acc7fb/report.docx	140135	48ea0a004f1fda52c4a4321637e8cc690cb04b74	RETAIN_BRANCH_HISTORY_OWNER_COORDINATION_ONLY
origin/main@acc469312c8366e4b0438e702a5f435779e7a125	药衡智析_增量源码交接/public_source_candidate/07_交付/业务报告/352cee1792774ee1a42aac2af4acc7fb/report.pdf	517478	6a1dd0f59ca0c627c37d5a733f02407c7b2e024a	RETAIN_BRANCH_HISTORY_OWNER_COORDINATION_ONLY
origin/main@acc469312c8366e4b0438e702a5f435779e7a125	药衡智析_增量源码交接/public_source_candidate/07_交付/业务报告/352cee1792774ee1a42aac2af4acc7fb/structure.png	25330	aaab51e6ef9d81305bb927ecdbc3f4ba53734df4	RETAIN_BRANCH_HISTORY_OWNER_COORDINATION_ONLY
origin/main@acc469312c8366e4b0438e702a5f435779e7a125	药衡智析_增量源码交接/public_source_candidate/07_交付/业务报告/352cee1792774ee1a42aac2af4acc7fb/trend.png	38679	b43b531baea576a6645efb5df2ca9290e1710c7d	RETAIN_BRANCH_HISTORY_OWNER_COORDINATION_ONLY
origin/main@acc469312c8366e4b0438e702a5f435779e7a125	药衡智析_增量源码交接/public_source_candidate/07_交付/业务报告/352cee1792774ee1a42aac2af4acc7fb/waterfall.png	25674	2641020404f1cd40796778684f54d60cfb44db00	RETAIN_BRANCH_HISTORY_OWNER_COORDINATION_ONLY
origin/main@acc469312c8366e4b0438e702a5f435779e7a125	药衡智析_增量源码交接/public_source_candidate/07_交付/业务报告/3f21cb12c4cd4f24a00db131a108a5df/report.docx	11	0978398d43083ac2a9fea3ca51fb53f4c4faa9df	RETAIN_BRANCH_HISTORY_OWNER_COORDINATION_ONLY
origin/main@acc469312c8366e4b0438e702a5f435779e7a125	药衡智析_增量源码交接/public_source_candidate/07_交付/业务报告/44fa1b93afbc4540b96c0c6a9128ccfc/benchmark.png	27238	4f21f1dfa31d03a0e41092315a0e49cba929b1b6	RETAIN_BRANCH_HISTORY_OWNER_COORDINATION_ONLY
origin/main@acc469312c8366e4b0438e702a5f435779e7a125	药衡智析_增量源码交接/public_source_candidate/07_交付/业务报告/44fa1b93afbc4540b96c0c6a9128ccfc/machine_audit.json	204884	76bb028c36a0c392e7f2564f79b205ff983089b4	RETAIN_BRANCH_HISTORY_OWNER_COORDINATION_ONLY
origin/main@acc469312c8366e4b0438e702a5f435779e7a125	药衡智析_增量源码交接/public_source_candidate/07_交付/业务报告/44fa1b93afbc4540b96c0c6a9128ccfc/record.json	208377	c250707754a057b73543f4e278b97cd5810c2b68	RETAIN_BRANCH_HISTORY_OWNER_COORDINATION_ONLY
origin/main@acc469312c8366e4b0438e702a5f435779e7a125	药衡智析_增量源码交接/public_source_candidate/07_交付/业务报告/44fa1b93afbc4540b96c0c6a9128ccfc/report.docx	137988	3931e403104f94eb4661e690b3fc9e5d27d676f4	RETAIN_BRANCH_HISTORY_OWNER_COORDINATION_ONLY
origin/main@acc469312c8366e4b0438e702a5f435779e7a125	药衡智析_增量源码交接/public_source_candidate/07_交付/业务报告/44fa1b93afbc4540b96c0c6a9128ccfc/report.pdf	522955	fc7413ebf57d6280c9f88e44aa6cb3f62c6753d7	RETAIN_BRANCH_HISTORY_OWNER_COORDINATION_ONLY
origin/main@acc469312c8366e4b0438e702a5f435779e7a125	药衡智析_增量源码交接/public_source_candidate/07_交付/业务报告/44fa1b93afbc4540b96c0c6a9128ccfc/structure.png	25329	13e4a065acb9e0addc3a406aa89ce9d822abd36c	RETAIN_BRANCH_HISTORY_OWNER_COORDINATION_ONLY
origin/main@acc469312c8366e4b0438e702a5f435779e7a125	药衡智析_增量源码交接/public_source_candidate/07_交付/业务报告/44fa1b93afbc4540b96c0c6a9128ccfc/trend.png	35607	9148b540c7fd9fe22c9ff12becda22cccc0db1d1	RETAIN_BRANCH_HISTORY_OWNER_COORDINATION_ONLY
origin/main@acc469312c8366e4b0438e702a5f435779e7a125	药衡智析_增量源码交接/public_source_candidate/07_交付/业务报告/44fa1b93afbc4540b96c0c6a9128ccfc/waterfall.png	27220	123ee2e34fec4a09b71219c4abe390014fcb15ea	RETAIN_BRANCH_HISTORY_OWNER_COORDINATION_ONLY
origin/main@acc469312c8366e4b0438e702a5f435779e7a125	药衡智析_增量源码交接/public_source_candidate/07_交付/业务报告/45d122186a1a43528bfc9d25e68f208a/report.docx	11	0978398d43083ac2a9fea3ca51fb53f4c4faa9df	RETAIN_BRANCH_HISTORY_OWNER_COORDINATION_ONLY
origin/main@acc469312c8366e4b0438e702a5f435779e7a125	药衡智析_增量源码交接/public_source_candidate/07_交付/业务报告/4d6dbd52c02d4001bcea698ffe04efe9/benchmark.png	27302	13a4d5fb6abf4f962cd73d0f6c060da34f66cf2e	RETAIN_BRANCH_HISTORY_OWNER_COORDINATION_ONLY
origin/main@acc469312c8366e4b0438e702a5f435779e7a125	药衡智析_增量源码交接/public_source_candidate/07_交付/业务报告/4d6dbd52c02d4001bcea698ffe04efe9/machine_audit.json	278173	f3c1718166ee12f74f28752e22db7809af383e68	RETAIN_BRANCH_HISTORY_OWNER_COORDINATION_ONLY
origin/main@acc469312c8366e4b0438e702a5f435779e7a125	药衡智析_增量源码交接/public_source_candidate/07_交付/业务报告/4d6dbd52c02d4001bcea698ffe04efe9/record.json	281666	bc1fe5de31d7fd8b78d8216d5aefb55275885186	RETAIN_BRANCH_HISTORY_OWNER_COORDINATION_ONLY
origin/main@acc469312c8366e4b0438e702a5f435779e7a125	药衡智析_增量源码交接/public_source_candidate/07_交付/业务报告/4d6dbd52c02d4001bcea698ffe04efe9/report.docx	143199	aca1aece6ea3dab8365ff67868e7e09d08aa941a	RETAIN_BRANCH_HISTORY_OWNER_COORDINATION_ONLY
origin/main@acc469312c8366e4b0438e702a5f435779e7a125	药衡智析_增量源码交接/public_source_candidate/07_交付/业务报告/4d6dbd52c02d4001bcea698ffe04efe9/report.pdf	554812	a59c21d3574f4b1e590fb4dcb62d67e9c5a803a7	RETAIN_BRANCH_HISTORY_OWNER_COORDINATION_ONLY
origin/main@acc469312c8366e4b0438e702a5f435779e7a125	药衡智析_增量源码交接/public_source_candidate/07_交付/业务报告/4d6dbd52c02d4001bcea698ffe04efe9/structure.png	24615	8dbd574c490fa03b4c959cfe0486e6d8a2b7aea6	RETAIN_BRANCH_HISTORY_OWNER_COORDINATION_ONLY
origin/main@acc469312c8366e4b0438e702a5f435779e7a125	药衡智析_增量源码交接/public_source_candidate/07_交付/业务报告/4d6dbd52c02d4001bcea698ffe04efe9/trend.png	39677	124c9249b8f6becf9ee56d117d27dc2d87e314cd	RETAIN_BRANCH_HISTORY_OWNER_COORDINATION_ONLY
origin/main@acc469312c8366e4b0438e702a5f435779e7a125	药衡智析_增量源码交接/public_source_candidate/07_交付/业务报告/4d6dbd52c02d4001bcea698ffe04efe9/waterfall.png	28463	45afc14c4b886348ae9bb9b64226961af00c57c6	RETAIN_BRANCH_HISTORY_OWNER_COORDINATION_ONLY
origin/main@acc469312c8366e4b0438e702a5f435779e7a125	药衡智析_增量源码交接/public_source_candidate/07_交付/业务报告/4f8aa8dbcc2043de8e5dcc4cf8c96ac7/report.docx	11	0978398d43083ac2a9fea3ca51fb53f4c4faa9df	RETAIN_BRANCH_HISTORY_OWNER_COORDINATION_ONLY
origin/main@acc469312c8366e4b0438e702a5f435779e7a125	药衡智析_增量源码交接/public_source_candidate/07_交付/业务报告/6053cc51a2d5412b84cbc9af023a172d/report.docx	11	0978398d43083ac2a9fea3ca51fb53f4c4faa9df	RETAIN_BRANCH_HISTORY_OWNER_COORDINATION_ONLY
origin/main@acc469312c8366e4b0438e702a5f435779e7a125	药衡智析_增量源码交接/public_source_candidate/07_交付/业务报告/60edc267d93f4348a6eda908705cc9ba/report.docx	11	0978398d43083ac2a9fea3ca51fb53f4c4faa9df	RETAIN_BRANCH_HISTORY_OWNER_COORDINATION_ONLY
origin/main@acc469312c8366e4b0438e702a5f435779e7a125	药衡智析_增量源码交接/public_source_candidate/07_交付/业务报告/64449fad03db4226b5c5f926e720b817/benchmark.png	27294	e53a32353e9ed0eb8cc0d25886e220612c330290	RETAIN_BRANCH_HISTORY_OWNER_COORDINATION_ONLY
origin/main@acc469312c8366e4b0438e702a5f435779e7a125	药衡智析_增量源码交接/public_source_candidate/07_交付/业务报告/64449fad03db4226b5c5f926e720b817/machine_audit.json	293268	703025e97ecc279e13a55008edcf2afcffaaec63	RETAIN_BRANCH_HISTORY_OWNER_COORDINATION_ONLY
origin/main@acc469312c8366e4b0438e702a5f435779e7a125	药衡智析_增量源码交接/public_source_candidate/07_交付/业务报告/64449fad03db4226b5c5f926e720b817/record.json	296761	454f278f81e4a7cbd3c82491b2b34d8fe21080f3	RETAIN_BRANCH_HISTORY_OWNER_COORDINATION_ONLY
origin/main@acc469312c8366e4b0438e702a5f435779e7a125	药衡智析_增量源码交接/public_source_candidate/07_交付/业务报告/64449fad03db4226b5c5f926e720b817/report.docx	143642	76f0effb235dc89c40acf841bbd2316cd65ef3c7	RETAIN_BRANCH_HISTORY_OWNER_COORDINATION_ONLY
origin/main@acc469312c8366e4b0438e702a5f435779e7a125	药衡智析_增量源码交接/public_source_candidate/07_交付/业务报告/64449fad03db4226b5c5f926e720b817/report.pdf	566410	84d13fa93b1dab37a0e9dccfa424afe217daa162	RETAIN_BRANCH_HISTORY_OWNER_COORDINATION_ONLY
origin/main@acc469312c8366e4b0438e702a5f435779e7a125	药衡智析_增量源码交接/public_source_candidate/07_交付/业务报告/64449fad03db4226b5c5f926e720b817/structure.png	24615	8dbd574c490fa03b4c959cfe0486e6d8a2b7aea6	RETAIN_BRANCH_HISTORY_OWNER_COORDINATION_ONLY
origin/main@acc469312c8366e4b0438e702a5f435779e7a125	药衡智析_增量源码交接/public_source_candidate/07_交付/业务报告/64449fad03db4226b5c5f926e720b817/trend.png	39677	124c9249b8f6becf9ee56d117d27dc2d87e314cd	RETAIN_BRANCH_HISTORY_OWNER_COORDINATION_ONLY
origin/main@acc469312c8366e4b0438e702a5f435779e7a125	药衡智析_增量源码交接/public_source_candidate/07_交付/业务报告/64449fad03db4226b5c5f926e720b817/waterfall.png	28463	45afc14c4b886348ae9bb9b64226961af00c57c6	RETAIN_BRANCH_HISTORY_OWNER_COORDINATION_ONLY
origin/main@acc469312c8366e4b0438e702a5f435779e7a125	药衡智析_增量源码交接/public_source_candidate/07_交付/业务报告/651e01357cbc4e55bcc3ee7753910fee/benchmark.png	27294	e53a32353e9ed0eb8cc0d25886e220612c330290	RETAIN_BRANCH_HISTORY_OWNER_COORDINATION_ONLY
origin/main@acc469312c8366e4b0438e702a5f435779e7a125	药衡智析_增量源码交接/public_source_candidate/07_交付/业务报告/651e01357cbc4e55bcc3ee7753910fee/machine_audit.json	290615	58892f91ebfc91a15a6b1540bddf87cc7c57f794	RETAIN_BRANCH_HISTORY_OWNER_COORDINATION_ONLY
origin/main@acc469312c8366e4b0438e702a5f435779e7a125	药衡智析_增量源码交接/public_source_candidate/07_交付/业务报告/651e01357cbc4e55bcc3ee7753910fee/record.json	294114	b063f512444924d33129d5610e812337a2b6a8d8	RETAIN_BRANCH_HISTORY_OWNER_COORDINATION_ONLY
origin/main@acc469312c8366e4b0438e702a5f435779e7a125	药衡智析_增量源码交接/public_source_candidate/07_交付/业务报告/651e01357cbc4e55bcc3ee7753910fee/report.docx	143465	01017158721f149272c684b7e304c9871542e2dd	RETAIN_BRANCH_HISTORY_OWNER_COORDINATION_ONLY
origin/main@acc469312c8366e4b0438e702a5f435779e7a125	药衡智析_增量源码交接/public_source_candidate/07_交付/业务报告/651e01357cbc4e55bcc3ee7753910fee/report.pdf	561083	26488161dcb8a1a9bde82c640dfefb286f84e8c1	RETAIN_BRANCH_HISTORY_OWNER_COORDINATION_ONLY
origin/main@acc469312c8366e4b0438e702a5f435779e7a125	药衡智析_增量源码交接/public_source_candidate/07_交付/业务报告/651e01357cbc4e55bcc3ee7753910fee/structure.png	24615	8dbd574c490fa03b4c959cfe0486e6d8a2b7aea6	RETAIN_BRANCH_HISTORY_OWNER_COORDINATION_ONLY
origin/main@acc469312c8366e4b0438e702a5f435779e7a125	药衡智析_增量源码交接/public_source_candidate/07_交付/业务报告/651e01357cbc4e55bcc3ee7753910fee/trend.png	39677	124c9249b8f6becf9ee56d117d27dc2d87e314cd	RETAIN_BRANCH_HISTORY_OWNER_COORDINATION_ONLY
origin/main@acc469312c8366e4b0438e702a5f435779e7a125	药衡智析_增量源码交接/public_source_candidate/07_交付/业务报告/651e01357cbc4e55bcc3ee7753910fee/waterfall.png	28463	45afc14c4b886348ae9bb9b64226961af00c57c6	RETAIN_BRANCH_HISTORY_OWNER_COORDINATION_ONLY
origin/main@acc469312c8366e4b0438e702a5f435779e7a125	药衡智析_增量源码交接/public_source_candidate/07_交付/业务报告/69c09d1975a046ffb2cafa5522f179b3/benchmark.png	28194	b89a7337f21001ba5208b215b697b37d2c3fb7dd	RETAIN_BRANCH_HISTORY_OWNER_COORDINATION_ONLY
origin/main@acc469312c8366e4b0438e702a5f435779e7a125	药衡智析_增量源码交接/public_source_candidate/07_交付/业务报告/69c09d1975a046ffb2cafa5522f179b3/machine_audit.json	199330	4493719b4676e2e55f3f42bc323917ebe5174c98	RETAIN_BRANCH_HISTORY_OWNER_COORDINATION_ONLY
origin/main@acc469312c8366e4b0438e702a5f435779e7a125	药衡智析_增量源码交接/public_source_candidate/07_交付/业务报告/69c09d1975a046ffb2cafa5522f179b3/record.json	202823	a529847a39490120ecce456c735c67c418f3e04a	RETAIN_BRANCH_HISTORY_OWNER_COORDINATION_ONLY
origin/main@acc469312c8366e4b0438e702a5f435779e7a125	药衡智析_增量源码交接/public_source_candidate/07_交付/业务报告/69c09d1975a046ffb2cafa5522f179b3/report.docx	140613	f04dd5882856ca0cc88a7f9c978d221ceafda61d	RETAIN_BRANCH_HISTORY_OWNER_COORDINATION_ONLY
origin/main@acc469312c8366e4b0438e702a5f435779e7a125	药衡智析_增量源码交接/public_source_candidate/07_交付/业务报告/69c09d1975a046ffb2cafa5522f179b3/report.pdf	533000	3514b9b41e9b6c46205ce176ae7f704e8275b3ad	RETAIN_BRANCH_HISTORY_OWNER_COORDINATION_ONLY
origin/main@acc469312c8366e4b0438e702a5f435779e7a125	药衡智析_增量源码交接/public_source_candidate/07_交付/业务报告/69c09d1975a046ffb2cafa5522f179b3/structure.png	25330	aaab51e6ef9d81305bb927ecdbc3f4ba53734df4	RETAIN_BRANCH_HISTORY_OWNER_COORDINATION_ONLY
origin/main@acc469312c8366e4b0438e702a5f435779e7a125	药衡智析_增量源码交接/public_source_candidate/07_交付/业务报告/69c09d1975a046ffb2cafa5522f179b3/trend.png	38679	b43b531baea576a6645efb5df2ca9290e1710c7d	RETAIN_BRANCH_HISTORY_OWNER_COORDINATION_ONLY
origin/main@acc469312c8366e4b0438e702a5f435779e7a125	药衡智析_增量源码交接/public_source_candidate/07_交付/业务报告/69c09d1975a046ffb2cafa5522f179b3/waterfall.png	25674	2641020404f1cd40796778684f54d60cfb44db00	RETAIN_BRANCH_HISTORY_OWNER_COORDINATION_ONLY
origin/main@acc469312c8366e4b0438e702a5f435779e7a125	药衡智析_增量源码交接/public_source_candidate/07_交付/业务报告/6af0213fdd54486d84835c423ac60d6d/benchmark.png	27294	e53a32353e9ed0eb8cc0d25886e220612c330290	RETAIN_BRANCH_HISTORY_OWNER_COORDINATION_ONLY
origin/main@acc469312c8366e4b0438e702a5f435779e7a125	药衡智析_增量源码交接/public_source_candidate/07_交付/业务报告/6af0213fdd54486d84835c423ac60d6d/machine_audit.json	289295	16f332dad89d6ee99a899aec31567f013007b92c	RETAIN_BRANCH_HISTORY_OWNER_COORDINATION_ONLY
origin/main@acc469312c8366e4b0438e702a5f435779e7a125	药衡智析_增量源码交接/public_source_candidate/07_交付/业务报告/6af0213fdd54486d84835c423ac60d6d/record.json	292791	e0778da03451e52f4ae0a063a37122f4e7c912f7	RETAIN_BRANCH_HISTORY_OWNER_COORDINATION_ONLY
origin/main@acc469312c8366e4b0438e702a5f435779e7a125	药衡智析_增量源码交接/public_source_candidate/07_交付/业务报告/6af0213fdd54486d84835c423ac60d6d/report.docx	143585	4d06deaf79d8f230bb74863e2dbf8f8618d4f3ce	RETAIN_BRANCH_HISTORY_OWNER_COORDINATION_ONLY
origin/main@acc469312c8366e4b0438e702a5f435779e7a125	药衡智析_增量源码交接/public_source_candidate/07_交付/业务报告/6af0213fdd54486d84835c423ac60d6d/report.pdf	563348	dcff2eface7c4d3013c5c498dd0504651de3361a	RETAIN_BRANCH_HISTORY_OWNER_COORDINATION_ONLY
origin/main@acc469312c8366e4b0438e702a5f435779e7a125	药衡智析_增量源码交接/public_source_candidate/07_交付/业务报告/6af0213fdd54486d84835c423ac60d6d/structure.png	24615	8dbd574c490fa03b4c959cfe0486e6d8a2b7aea6	RETAIN_BRANCH_HISTORY_OWNER_COORDINATION_ONLY
origin/main@acc469312c8366e4b0438e702a5f435779e7a125	药衡智析_增量源码交接/public_source_candidate/07_交付/业务报告/6af0213fdd54486d84835c423ac60d6d/trend.png	39677	124c9249b8f6becf9ee56d117d27dc2d87e314cd	RETAIN_BRANCH_HISTORY_OWNER_COORDINATION_ONLY
origin/main@acc469312c8366e4b0438e702a5f435779e7a125	药衡智析_增量源码交接/public_source_candidate/07_交付/业务报告/6af0213fdd54486d84835c423ac60d6d/waterfall.png	28463	45afc14c4b886348ae9bb9b64226961af00c57c6	RETAIN_BRANCH_HISTORY_OWNER_COORDINATION_ONLY
origin/main@acc469312c8366e4b0438e702a5f435779e7a125	药衡智析_增量源码交接/public_source_candidate/07_交付/业务报告/6f874235b2b346e895ea12c4db5f66c2/benchmark.png	27302	13a4d5fb6abf4f962cd73d0f6c060da34f66cf2e	RETAIN_BRANCH_HISTORY_OWNER_COORDINATION_ONLY
origin/main@acc469312c8366e4b0438e702a5f435779e7a125	药衡智析_增量源码交接/public_source_candidate/07_交付/业务报告/6f874235b2b346e895ea12c4db5f66c2/machine_audit.json	278173	42a574653065dbd3d1b1df46a3ab7a8cf5633425	RETAIN_BRANCH_HISTORY_OWNER_COORDINATION_ONLY
origin/main@acc469312c8366e4b0438e702a5f435779e7a125	药衡智析_增量源码交接/public_source_candidate/07_交付/业务报告/6f874235b2b346e895ea12c4db5f66c2/record.json	281666	9dcdd3d914020750da81cd0e3271cf8aecf55dde	RETAIN_BRANCH_HISTORY_OWNER_COORDINATION_ONLY
origin/main@acc469312c8366e4b0438e702a5f435779e7a125	药衡智析_增量源码交接/public_source_candidate/07_交付/业务报告/6f874235b2b346e895ea12c4db5f66c2/report.docx	143199	cba8f46845ea926130f2eedf3c21d6bc3a4de64e	RETAIN_BRANCH_HISTORY_OWNER_COORDINATION_ONLY
origin/main@acc469312c8366e4b0438e702a5f435779e7a125	药衡智析_增量源码交接/public_source_candidate/07_交付/业务报告/6f874235b2b346e895ea12c4db5f66c2/report.pdf	554838	971089e2dd9fa3beedea3b8e0e02b83d292658a2	RETAIN_BRANCH_HISTORY_OWNER_COORDINATION_ONLY
origin/main@acc469312c8366e4b0438e702a5f435779e7a125	药衡智析_增量源码交接/public_source_candidate/07_交付/业务报告/6f874235b2b346e895ea12c4db5f66c2/structure.png	24615	8dbd574c490fa03b4c959cfe0486e6d8a2b7aea6	RETAIN_BRANCH_HISTORY_OWNER_COORDINATION_ONLY
origin/main@acc469312c8366e4b0438e702a5f435779e7a125	药衡智析_增量源码交接/public_source_candidate/07_交付/业务报告/6f874235b2b346e895ea12c4db5f66c2/trend.png	39677	124c9249b8f6becf9ee56d117d27dc2d87e314cd	RETAIN_BRANCH_HISTORY_OWNER_COORDINATION_ONLY
origin/main@acc469312c8366e4b0438e702a5f435779e7a125	药衡智析_增量源码交接/public_source_candidate/07_交付/业务报告/6f874235b2b346e895ea12c4db5f66c2/waterfall.png	28463	45afc14c4b886348ae9bb9b64226961af00c57c6	RETAIN_BRANCH_HISTORY_OWNER_COORDINATION_ONLY
origin/main@acc469312c8366e4b0438e702a5f435779e7a125	药衡智析_增量源码交接/public_source_candidate/07_交付/业务报告/72af94271f7b43ea982cba06ea8839b3/benchmark.png	30905	caa2de75925588f48d09ce282c3a2f3091f65a41	RETAIN_BRANCH_HISTORY_OWNER_COORDINATION_ONLY
origin/main@acc469312c8366e4b0438e702a5f435779e7a125	药衡智析_增量源码交接/public_source_candidate/07_交付/业务报告/72af94271f7b43ea982cba06ea8839b3/machine_audit.json	271235	b6b4e1d76cbe188938991e115263d178acc22541	RETAIN_BRANCH_HISTORY_OWNER_COORDINATION_ONLY
origin/main@acc469312c8366e4b0438e702a5f435779e7a125	药衡智析_增量源码交接/public_source_candidate/07_交付/业务报告/72af94271f7b43ea982cba06ea8839b3/record.json	274600	c8beee791b3b1aca3801e561032f95bad3f58d7e	RETAIN_BRANCH_HISTORY_OWNER_COORDINATION_ONLY
origin/main@acc469312c8366e4b0438e702a5f435779e7a125	药衡智析_增量源码交接/public_source_candidate/07_交付/业务报告/72af94271f7b43ea982cba06ea8839b3/report.docx	151514	3013af2c2e7d365beec367bb7c938f4037938a64	RETAIN_BRANCH_HISTORY_OWNER_COORDINATION_ONLY
origin/main@acc469312c8366e4b0438e702a5f435779e7a125	药衡智析_增量源码交接/public_source_candidate/07_交付/业务报告/72af94271f7b43ea982cba06ea8839b3/report.pdf	454356	d739891dad753801fcfc89475d76848b74f31777	RETAIN_BRANCH_HISTORY_OWNER_COORDINATION_ONLY
origin/main@acc469312c8366e4b0438e702a5f435779e7a125	药衡智析_增量源码交接/public_source_candidate/07_交付/业务报告/72af94271f7b43ea982cba06ea8839b3/structure.png	29597	4e9e0791975bacb9fc233dcdac02de4e64736c61	RETAIN_BRANCH_HISTORY_OWNER_COORDINATION_ONLY
origin/main@acc469312c8366e4b0438e702a5f435779e7a125	药衡智析_增量源码交接/public_source_candidate/07_交付/业务报告/72af94271f7b43ea982cba06ea8839b3/trend.png	43971	bd02a0484af415fb5be1cf51d3c600d5dc9cc40f	RETAIN_BRANCH_HISTORY_OWNER_COORDINATION_ONLY
origin/main@acc469312c8366e4b0438e702a5f435779e7a125	药衡智析_增量源码交接/public_source_candidate/07_交付/业务报告/72af94271f7b43ea982cba06ea8839b3/waterfall.png	32798	53486cce7b762692a9d6f892ed143c87e921b286	RETAIN_BRANCH_HISTORY_OWNER_COORDINATION_ONLY
origin/main@acc469312c8366e4b0438e702a5f435779e7a125	药衡智析_增量源码交接/public_source_candidate/07_交付/业务报告/7493c05bcca54b2c968bd53e1b06b331/report.docx	11	0978398d43083ac2a9fea3ca51fb53f4c4faa9df	RETAIN_BRANCH_HISTORY_OWNER_COORDINATION_ONLY
origin/main@acc469312c8366e4b0438e702a5f435779e7a125	药衡智析_增量源码交接/public_source_candidate/07_交付/业务报告/759bb433e4104ddcaf5e9b27fb1ad214/report.docx	11	0978398d43083ac2a9fea3ca51fb53f4c4faa9df	RETAIN_BRANCH_HISTORY_OWNER_COORDINATION_ONLY
origin/main@acc469312c8366e4b0438e702a5f435779e7a125	药衡智析_增量源码交接/public_source_candidate/07_交付/业务报告/7d61353dca234d53832f2d8bb31de157/report.docx	11	0978398d43083ac2a9fea3ca51fb53f4c4faa9df	RETAIN_BRANCH_HISTORY_OWNER_COORDINATION_ONLY
origin/main@acc469312c8366e4b0438e702a5f435779e7a125	药衡智析_增量源码交接/public_source_candidate/07_交付/业务报告/811a6a5aae694834b796509be4a9304f/benchmark.png	27302	0845946b344b4143f3523de9b58b9b5b97c793c1	RETAIN_BRANCH_HISTORY_OWNER_COORDINATION_ONLY
origin/main@acc469312c8366e4b0438e702a5f435779e7a125	药衡智析_增量源码交接/public_source_candidate/07_交付/业务报告/811a6a5aae694834b796509be4a9304f/machine_audit.json	215289	4b9588569ac33c652dc3b36629d3195396ac933a	RETAIN_BRANCH_HISTORY_OWNER_COORDINATION_ONLY
origin/main@acc469312c8366e4b0438e702a5f435779e7a125	药衡智析_增量源码交接/public_source_candidate/07_交付/业务报告/811a6a5aae694834b796509be4a9304f/record.json	218785	bb6c820be774c16416b6838321a598d97c657f12	RETAIN_BRANCH_HISTORY_OWNER_COORDINATION_ONLY
origin/main@acc469312c8366e4b0438e702a5f435779e7a125	药衡智析_增量源码交接/public_source_candidate/07_交付/业务报告/811a6a5aae694834b796509be4a9304f/report.docx	138158	3e4148bbfc5ec908ed0720eb5f1e81a5b1b766f7	RETAIN_BRANCH_HISTORY_OWNER_COORDINATION_ONLY
origin/main@acc469312c8366e4b0438e702a5f435779e7a125	药衡智析_增量源码交接/public_source_candidate/07_交付/业务报告/811a6a5aae694834b796509be4a9304f/report.pdf	526781	889f5618b23be13aac03c33eda9bcec89fa4764f	RETAIN_BRANCH_HISTORY_OWNER_COORDINATION_ONLY
origin/main@acc469312c8366e4b0438e702a5f435779e7a125	药衡智析_增量源码交接/public_source_candidate/07_交付/业务报告/811a6a5aae694834b796509be4a9304f/structure.png	25329	13e4a065acb9e0addc3a406aa89ce9d822abd36c	RETAIN_BRANCH_HISTORY_OWNER_COORDINATION_ONLY
origin/main@acc469312c8366e4b0438e702a5f435779e7a125	药衡智析_增量源码交接/public_source_candidate/07_交付/业务报告/811a6a5aae694834b796509be4a9304f/trend.png	35607	9148b540c7fd9fe22c9ff12becda22cccc0db1d1	RETAIN_BRANCH_HISTORY_OWNER_COORDINATION_ONLY
origin/main@acc469312c8366e4b0438e702a5f435779e7a125	药衡智析_增量源码交接/public_source_candidate/07_交付/业务报告/811a6a5aae694834b796509be4a9304f/waterfall.png	27220	123ee2e34fec4a09b71219c4abe390014fcb15ea	RETAIN_BRANCH_HISTORY_OWNER_COORDINATION_ONLY
origin/main@acc469312c8366e4b0438e702a5f435779e7a125	药衡智析_增量源码交接/public_source_candidate/07_交付/业务报告/81b147b7a10b41b8be9af3b3e188cb92/report.docx	11	0978398d43083ac2a9fea3ca51fb53f4c4faa9df	RETAIN_BRANCH_HISTORY_OWNER_COORDINATION_ONLY
origin/main@acc469312c8366e4b0438e702a5f435779e7a125	药衡智析_增量源码交接/public_source_candidate/07_交付/业务报告/83901d42b41d4f0d95d9ad34cc9d9711/benchmark.png	27294	e53a32353e9ed0eb8cc0d25886e220612c330290	RETAIN_BRANCH_HISTORY_OWNER_COORDINATION_ONLY
origin/main@acc469312c8366e4b0438e702a5f435779e7a125	药衡智析_增量源码交接/public_source_candidate/07_交付/业务报告/83901d42b41d4f0d95d9ad34cc9d9711/machine_audit.json	278206	42af6be6138297d778eecff45fd62a8d2ceffd77	RETAIN_BRANCH_HISTORY_OWNER_COORDINATION_ONLY
origin/main@acc469312c8366e4b0438e702a5f435779e7a125	药衡智析_增量源码交接/public_source_candidate/07_交付/业务报告/83901d42b41d4f0d95d9ad34cc9d9711/record.json	281699	d2e939f4c28bec0b436d855beb0fe19803cf75a2	RETAIN_BRANCH_HISTORY_OWNER_COORDINATION_ONLY
origin/main@acc469312c8366e4b0438e702a5f435779e7a125	药衡智析_增量源码交接/public_source_candidate/07_交付/业务报告/83901d42b41d4f0d95d9ad34cc9d9711/report.docx	143343	ffaa6b3b80c80b0aeaa212f0ff8ecf4832c6ea3c	RETAIN_BRANCH_HISTORY_OWNER_COORDINATION_ONLY
origin/main@acc469312c8366e4b0438e702a5f435779e7a125	药衡智析_增量源码交接/public_source_candidate/07_交付/业务报告/83901d42b41d4f0d95d9ad34cc9d9711/report.pdf	555209	471994945cbe08b5dfeb78fe05a753da95cb7d26	RETAIN_BRANCH_HISTORY_OWNER_COORDINATION_ONLY
origin/main@acc469312c8366e4b0438e702a5f435779e7a125	药衡智析_增量源码交接/public_source_candidate/07_交付/业务报告/83901d42b41d4f0d95d9ad34cc9d9711/structure.png	24615	8dbd574c490fa03b4c959cfe0486e6d8a2b7aea6	RETAIN_BRANCH_HISTORY_OWNER_COORDINATION_ONLY
origin/main@acc469312c8366e4b0438e702a5f435779e7a125	药衡智析_增量源码交接/public_source_candidate/07_交付/业务报告/83901d42b41d4f0d95d9ad34cc9d9711/trend.png	39677	124c9249b8f6becf9ee56d117d27dc2d87e314cd	RETAIN_BRANCH_HISTORY_OWNER_COORDINATION_ONLY
origin/main@acc469312c8366e4b0438e702a5f435779e7a125	药衡智析_增量源码交接/public_source_candidate/07_交付/业务报告/83901d42b41d4f0d95d9ad34cc9d9711/waterfall.png	28463	45afc14c4b886348ae9bb9b64226961af00c57c6	RETAIN_BRANCH_HISTORY_OWNER_COORDINATION_ONLY
origin/main@acc469312c8366e4b0438e702a5f435779e7a125	药衡智析_增量源码交接/public_source_candidate/07_交付/业务报告/9852391ad57b4bf6a6d7b9f003a22eac/benchmark.png	28194	b89a7337f21001ba5208b215b697b37d2c3fb7dd	RETAIN_BRANCH_HISTORY_OWNER_COORDINATION_ONLY
origin/main@acc469312c8366e4b0438e702a5f435779e7a125	药衡智析_增量源码交接/public_source_candidate/07_交付/业务报告/9852391ad57b4bf6a6d7b9f003a22eac/machine_audit.json	192579	e3a5f13815858ee50ab62f3f215140944a610ef9	RETAIN_BRANCH_HISTORY_OWNER_COORDINATION_ONLY
origin/main@acc469312c8366e4b0438e702a5f435779e7a125	药衡智析_增量源码交接/public_source_candidate/07_交付/业务报告/9852391ad57b4bf6a6d7b9f003a22eac/record.json	196072	96737fa122472143dfadac8b53521d2a6a5d10cf	RETAIN_BRANCH_HISTORY_OWNER_COORDINATION_ONLY
origin/main@acc469312c8366e4b0438e702a5f435779e7a125	药衡智析_增量源码交接/public_source_candidate/07_交付/业务报告/9852391ad57b4bf6a6d7b9f003a22eac/report.docx	140197	2890aaf2aed45ced9fb591aedc7e5a2679314278	RETAIN_BRANCH_HISTORY_OWNER_COORDINATION_ONLY
origin/main@acc469312c8366e4b0438e702a5f435779e7a125	药衡智析_增量源码交接/public_source_candidate/07_交付/业务报告/9852391ad57b4bf6a6d7b9f003a22eac/report.pdf	518173	aa6e1255af278202fddc2b1a9c87bc7dc97e99b9	RETAIN_BRANCH_HISTORY_OWNER_COORDINATION_ONLY
origin/main@acc469312c8366e4b0438e702a5f435779e7a125	药衡智析_增量源码交接/public_source_candidate/07_交付/业务报告/9852391ad57b4bf6a6d7b9f003a22eac/structure.png	25330	aaab51e6ef9d81305bb927ecdbc3f4ba53734df4	RETAIN_BRANCH_HISTORY_OWNER_COORDINATION_ONLY
origin/main@acc469312c8366e4b0438e702a5f435779e7a125	药衡智析_增量源码交接/public_source_candidate/07_交付/业务报告/9852391ad57b4bf6a6d7b9f003a22eac/trend.png	38679	b43b531baea576a6645efb5df2ca9290e1710c7d	RETAIN_BRANCH_HISTORY_OWNER_COORDINATION_ONLY
origin/main@acc469312c8366e4b0438e702a5f435779e7a125	药衡智析_增量源码交接/public_source_candidate/07_交付/业务报告/9852391ad57b4bf6a6d7b9f003a22eac/waterfall.png	25674	2641020404f1cd40796778684f54d60cfb44db00	RETAIN_BRANCH_HISTORY_OWNER_COORDINATION_ONLY
origin/main@acc469312c8366e4b0438e702a5f435779e7a125	药衡智析_增量源码交接/public_source_candidate/07_交付/业务报告/a2dfef9c2bfa4c6babdb7789ca6c87bd/benchmark.png	30883	6c76e314fc234649ad21e1840116ba34e1042477	RETAIN_BRANCH_HISTORY_OWNER_COORDINATION_ONLY
origin/main@acc469312c8366e4b0438e702a5f435779e7a125	药衡智析_增量源码交接/public_source_candidate/07_交付/业务报告/a2dfef9c2bfa4c6babdb7789ca6c87bd/machine_audit.json	199329	66118d8b7cae66a63d7af71d69aa55e5ef60caf6	RETAIN_BRANCH_HISTORY_OWNER_COORDINATION_ONLY
origin/main@acc469312c8366e4b0438e702a5f435779e7a125	药衡智析_增量源码交接/public_source_candidate/07_交付/业务报告/a2dfef9c2bfa4c6babdb7789ca6c87bd/record.json	202694	12d6731e390e2636846c2173337c90d1a3f1da45	RETAIN_BRANCH_HISTORY_OWNER_COORDINATION_ONLY
origin/main@acc469312c8366e4b0438e702a5f435779e7a125	药衡智析_增量源码交接/public_source_candidate/07_交付/业务报告/a2dfef9c2bfa4c6babdb7789ca6c87bd/report.docx	145625	64c4e386d78039e939d0721ac816bbf2df52d8ab	RETAIN_BRANCH_HISTORY_OWNER_COORDINATION_ONLY
origin/main@acc469312c8366e4b0438e702a5f435779e7a125	药衡智析_增量源码交接/public_source_candidate/07_交付/业务报告/a2dfef9c2bfa4c6babdb7789ca6c87bd/report.pdf	429256	dd825af67380027c99ea3894dc9f96fc2b5edcda	RETAIN_BRANCH_HISTORY_OWNER_COORDINATION_ONLY
origin/main@acc469312c8366e4b0438e702a5f435779e7a125	药衡智析_增量源码交接/public_source_candidate/07_交付/业务报告/a2dfef9c2bfa4c6babdb7789ca6c87bd/structure.png	30642	0c8e10b12bd54598f054d33eed87360117e0191c	RETAIN_BRANCH_HISTORY_OWNER_COORDINATION_ONLY
origin/main@acc469312c8366e4b0438e702a5f435779e7a125	药衡智析_增量源码交接/public_source_candidate/07_交付/业务报告/a2dfef9c2bfa4c6babdb7789ca6c87bd/trend.png	39090	9656ff9806b1949fb95ff795feb9c1d9c12d2033	RETAIN_BRANCH_HISTORY_OWNER_COORDINATION_ONLY
origin/main@acc469312c8366e4b0438e702a5f435779e7a125	药衡智析_增量源码交接/public_source_candidate/07_交付/业务报告/a2dfef9c2bfa4c6babdb7789ca6c87bd/waterfall.png	31298	9130ff9372f13bdb2110c00fe660140e5a8037e0	RETAIN_BRANCH_HISTORY_OWNER_COORDINATION_ONLY
origin/main@acc469312c8366e4b0438e702a5f435779e7a125	药衡智析_增量源码交接/public_source_candidate/07_交付/业务报告/acd0bfe2042c4720a56d384bcd0a0216/report.docx	11	0978398d43083ac2a9fea3ca51fb53f4c4faa9df	RETAIN_BRANCH_HISTORY_OWNER_COORDINATION_ONLY
origin/main@acc469312c8366e4b0438e702a5f435779e7a125	药衡智析_增量源码交接/public_source_candidate/07_交付/业务报告/af1b5332fe1c453aae0f7205f8b65f40/report.docx	11	0978398d43083ac2a9fea3ca51fb53f4c4faa9df	RETAIN_BRANCH_HISTORY_OWNER_COORDINATION_ONLY
origin/main@acc469312c8366e4b0438e702a5f435779e7a125	药衡智析_增量源码交接/public_source_candidate/07_交付/业务报告/b1ce0809509143a48b0fb7b7af7e911b/benchmark.png	27302	0845946b344b4143f3523de9b58b9b5b97c793c1	RETAIN_BRANCH_HISTORY_OWNER_COORDINATION_ONLY
origin/main@acc469312c8366e4b0438e702a5f435779e7a125	药衡智析_增量源码交接/public_source_candidate/07_交付/业务报告/b1ce0809509143a48b0fb7b7af7e911b/machine_audit.json	216611	b537fd2cc0019dc735da5826d5e919bf5019fffe	RETAIN_BRANCH_HISTORY_OWNER_COORDINATION_ONLY
origin/main@acc469312c8366e4b0438e702a5f435779e7a125	药衡智析_增量源码交接/public_source_candidate/07_交付/业务报告/b1ce0809509143a48b0fb7b7af7e911b/record.json	220110	23a81f3e810f34688aea7d95e1e3adb1b52f636e	RETAIN_BRANCH_HISTORY_OWNER_COORDINATION_ONLY
origin/main@acc469312c8366e4b0438e702a5f435779e7a125	药衡智析_增量源码交接/public_source_candidate/07_交付/业务报告/b1ce0809509143a48b0fb7b7af7e911b/report.docx	138343	26d4e8645f67e5bb66d9727a0795cce03d4d7dd4	RETAIN_BRANCH_HISTORY_OWNER_COORDINATION_ONLY
origin/main@acc469312c8366e4b0438e702a5f435779e7a125	药衡智析_增量源码交接/public_source_candidate/07_交付/业务报告/b1ce0809509143a48b0fb7b7af7e911b/report.pdf	535345	f2c25f8bdda06fdae39b8cb7f6fc5739089894c7	RETAIN_BRANCH_HISTORY_OWNER_COORDINATION_ONLY
origin/main@acc469312c8366e4b0438e702a5f435779e7a125	药衡智析_增量源码交接/public_source_candidate/07_交付/业务报告/b1ce0809509143a48b0fb7b7af7e911b/structure.png	25329	13e4a065acb9e0addc3a406aa89ce9d822abd36c	RETAIN_BRANCH_HISTORY_OWNER_COORDINATION_ONLY
origin/main@acc469312c8366e4b0438e702a5f435779e7a125	药衡智析_增量源码交接/public_source_candidate/07_交付/业务报告/b1ce0809509143a48b0fb7b7af7e911b/trend.png	35607	9148b540c7fd9fe22c9ff12becda22cccc0db1d1	RETAIN_BRANCH_HISTORY_OWNER_COORDINATION_ONLY
origin/main@acc469312c8366e4b0438e702a5f435779e7a125	药衡智析_增量源码交接/public_source_candidate/07_交付/业务报告/b1ce0809509143a48b0fb7b7af7e911b/waterfall.png	27220	123ee2e34fec4a09b71219c4abe390014fcb15ea	RETAIN_BRANCH_HISTORY_OWNER_COORDINATION_ONLY
origin/main@acc469312c8366e4b0438e702a5f435779e7a125	药衡智析_增量源码交接/public_source_candidate/07_交付/业务报告/b4f559f3de7f4c8daa0c9117d8bc7c5a/benchmark.png	31910	d562a8ace8d3f1c16baf25f5af6f63cd6d4dc8f2	RETAIN_BRANCH_HISTORY_OWNER_COORDINATION_ONLY
origin/main@acc469312c8366e4b0438e702a5f435779e7a125	药衡智析_增量源码交接/public_source_candidate/07_交付/业务报告/b4f559f3de7f4c8daa0c9117d8bc7c5a/machine_audit.json	218721	c872f547d8737695a834b6b0decb338eaad10141	RETAIN_BRANCH_HISTORY_OWNER_COORDINATION_ONLY
origin/main@acc469312c8366e4b0438e702a5f435779e7a125	药衡智析_增量源码交接/public_source_candidate/07_交付/业务报告/b4f559f3de7f4c8daa0c9117d8bc7c5a/record.json	222214	e2193b833ab9c2ee803130528b88baf53639ff93	RETAIN_BRANCH_HISTORY_OWNER_COORDINATION_ONLY
origin/main@acc469312c8366e4b0438e702a5f435779e7a125	药衡智析_增量源码交接/public_source_candidate/07_交付/业务报告/b4f559f3de7f4c8daa0c9117d8bc7c5a/report.docx	139443	3d0d1a23f98c03b0483f3625485d79a05d6c4898	RETAIN_BRANCH_HISTORY_OWNER_COORDINATION_ONLY
origin/main@acc469312c8366e4b0438e702a5f435779e7a125	药衡智析_增量源码交接/public_source_candidate/07_交付/业务报告/b4f559f3de7f4c8daa0c9117d8bc7c5a/report.pdf	531505	75207ee96ae4e263a5721cd31b0b2af2ebd1dae8	RETAIN_BRANCH_HISTORY_OWNER_COORDINATION_ONLY
origin/main@acc469312c8366e4b0438e702a5f435779e7a125	药衡智析_增量源码交接/public_source_candidate/07_交付/业务报告/b4f559f3de7f4c8daa0c9117d8bc7c5a/structure.png	27020	5767c832eec5bc1a750842f0dc03471c1752691f	RETAIN_BRANCH_HISTORY_OWNER_COORDINATION_ONLY
origin/main@acc469312c8366e4b0438e702a5f435779e7a125	药衡智析_增量源码交接/public_source_candidate/07_交付/业务报告/b4f559f3de7f4c8daa0c9117d8bc7c5a/trend.png	31502	a327b38efbdfc4ae5ad44606702457550c0591af	RETAIN_BRANCH_HISTORY_OWNER_COORDINATION_ONLY
origin/main@acc469312c8366e4b0438e702a5f435779e7a125	药衡智析_增量源码交接/public_source_candidate/07_交付/业务报告/b4f559f3de7f4c8daa0c9117d8bc7c5a/waterfall.png	27181	8e9fd4388ea9a46cdab25effb518629d396df392	RETAIN_BRANCH_HISTORY_OWNER_COORDINATION_ONLY
origin/main@acc469312c8366e4b0438e702a5f435779e7a125	药衡智析_增量源码交接/public_source_candidate/07_交付/业务报告/be38a58082494d328a7b33f462c5378a/benchmark.png	32087	160acd78f6765b7659c96fbbcbf10bf7b8c476bf	RETAIN_BRANCH_HISTORY_OWNER_COORDINATION_ONLY
origin/main@acc469312c8366e4b0438e702a5f435779e7a125	药衡智析_增量源码交接/public_source_candidate/07_交付/业务报告/be38a58082494d328a7b33f462c5378a/machine_audit.json	232246	88e84b53b7810cbe0442d019acb432f88e74061f	RETAIN_BRANCH_HISTORY_OWNER_COORDINATION_ONLY
origin/main@acc469312c8366e4b0438e702a5f435779e7a125	药衡智析_增量源码交接/public_source_candidate/07_交付/业务报告/be38a58082494d328a7b33f462c5378a/record.json	235742	99967dc1ab18f8ecff51506c08c396e9dc04d49f	RETAIN_BRANCH_HISTORY_OWNER_COORDINATION_ONLY
origin/main@acc469312c8366e4b0438e702a5f435779e7a125	药衡智析_增量源码交接/public_source_candidate/07_交付/业务报告/be38a58082494d328a7b33f462c5378a/report.docx	140344	36157a952bb5e0a3b4573ce8af6b5ed6ca0dd8e6	RETAIN_BRANCH_HISTORY_OWNER_COORDINATION_ONLY
origin/main@acc469312c8366e4b0438e702a5f435779e7a125	药衡智析_增量源码交接/public_source_candidate/07_交付/业务报告/be38a58082494d328a7b33f462c5378a/report.pdf	552002	a21fe94a4239b542936af377328c211fd6c31e36	RETAIN_BRANCH_HISTORY_OWNER_COORDINATION_ONLY
origin/main@acc469312c8366e4b0438e702a5f435779e7a125	药衡智析_增量源码交接/public_source_candidate/07_交付/业务报告/be38a58082494d328a7b33f462c5378a/structure.png	27020	5767c832eec5bc1a750842f0dc03471c1752691f	RETAIN_BRANCH_HISTORY_OWNER_COORDINATION_ONLY
origin/main@acc469312c8366e4b0438e702a5f435779e7a125	药衡智析_增量源码交接/public_source_candidate/07_交付/业务报告/be38a58082494d328a7b33f462c5378a/trend.png	31502	a327b38efbdfc4ae5ad44606702457550c0591af	RETAIN_BRANCH_HISTORY_OWNER_COORDINATION_ONLY
origin/main@acc469312c8366e4b0438e702a5f435779e7a125	药衡智析_增量源码交接/public_source_candidate/07_交付/业务报告/be38a58082494d328a7b33f462c5378a/waterfall.png	27181	8e9fd4388ea9a46cdab25effb518629d396df392	RETAIN_BRANCH_HISTORY_OWNER_COORDINATION_ONLY
origin/main@acc469312c8366e4b0438e702a5f435779e7a125	药衡智析_增量源码交接/public_source_candidate/07_交付/业务报告/e0af2c211d9248bb9c19daae3023dd59/report.docx	11	0978398d43083ac2a9fea3ca51fb53f4c4faa9df	RETAIN_BRANCH_HISTORY_OWNER_COORDINATION_ONLY
origin/main@acc469312c8366e4b0438e702a5f435779e7a125	药衡智析_增量源码交接/public_source_candidate/07_交付/业务报告/e22d663fc5de45a68480e5611b848aaa/report.docx	11	0978398d43083ac2a9fea3ca51fb53f4c4faa9df	RETAIN_BRANCH_HISTORY_OWNER_COORDINATION_ONLY
origin/main@acc469312c8366e4b0438e702a5f435779e7a125	药衡智析_增量源码交接/public_source_candidate/07_交付/业务报告/e7ff529220394ef4a8affc049014c366/benchmark.png	36306	db0b7be432860635218cb5d618238af54773cf4e	RETAIN_BRANCH_HISTORY_OWNER_COORDINATION_ONLY
origin/main@acc469312c8366e4b0438e702a5f435779e7a125	药衡智析_增量源码交接/public_source_candidate/07_交付/业务报告/e7ff529220394ef4a8affc049014c366/machine_audit.json	212848	4cb1a01bcd7a711bde8a4f9d2401673a42ed41fc	RETAIN_BRANCH_HISTORY_OWNER_COORDINATION_ONLY
origin/main@acc469312c8366e4b0438e702a5f435779e7a125	药衡智析_增量源码交接/public_source_candidate/07_交付/业务报告/e7ff529220394ef4a8affc049014c366/record.json	216213	8de1c5fb2e3af7eda69d801d91a4909981e12416	RETAIN_BRANCH_HISTORY_OWNER_COORDINATION_ONLY
origin/main@acc469312c8366e4b0438e702a5f435779e7a125	药衡智析_增量源码交接/public_source_candidate/07_交付/业务报告/e7ff529220394ef4a8affc049014c366/report.docx	148108	04f7d6535698158ab4c31502ba67922a7cfc1f07	RETAIN_BRANCH_HISTORY_OWNER_COORDINATION_ONLY
origin/main@acc469312c8366e4b0438e702a5f435779e7a125	药衡智析_增量源码交接/public_source_candidate/07_交付/业务报告/e7ff529220394ef4a8affc049014c366/report.pdf	436418	5b2fb96ad3d764804ac80f36df79644ef73e202d	RETAIN_BRANCH_HISTORY_OWNER_COORDINATION_ONLY
origin/main@acc469312c8366e4b0438e702a5f435779e7a125	药衡智析_增量源码交接/public_source_candidate/07_交付/业务报告/e7ff529220394ef4a8affc049014c366/structure.png	32575	c884bc91344e35682852ec1cde0410384d13521f	RETAIN_BRANCH_HISTORY_OWNER_COORDINATION_ONLY
origin/main@acc469312c8366e4b0438e702a5f435779e7a125	药衡智析_增量源码交接/public_source_candidate/07_交付/业务报告/e7ff529220394ef4a8affc049014c366/trend.png	34424	4bb65e2ab3e88938f5910ca9308fbf0bebbf6650	RETAIN_BRANCH_HISTORY_OWNER_COORDINATION_ONLY
origin/main@acc469312c8366e4b0438e702a5f435779e7a125	药衡智析_增量源码交接/public_source_candidate/07_交付/业务报告/e7ff529220394ef4a8affc049014c366/waterfall.png	31437	faec93982441e9ae28609d199e3aa3aa3cc68295	RETAIN_BRANCH_HISTORY_OWNER_COORDINATION_ONLY
origin/main@acc469312c8366e4b0438e702a5f435779e7a125	药衡智析_增量源码交接/public_source_candidate/07_交付/业务报告/f28a74fda6af4e71a27b4b358fc62bb6/benchmark.png	32087	160acd78f6765b7659c96fbbcbf10bf7b8c476bf	RETAIN_BRANCH_HISTORY_OWNER_COORDINATION_ONLY
origin/main@acc469312c8366e4b0438e702a5f435779e7a125	药衡智析_增量源码交接/public_source_candidate/07_交付/业务报告/f28a74fda6af4e71a27b4b358fc62bb6/machine_audit.json	232064	b1cee918224c979a593e1d8e7336de12cee432bb	RETAIN_BRANCH_HISTORY_OWNER_COORDINATION_ONLY
origin/main@acc469312c8366e4b0438e702a5f435779e7a125	药衡智析_增量源码交接/public_source_candidate/07_交付/业务报告/f28a74fda6af4e71a27b4b358fc62bb6/record.json	235563	a442f14a5900a43c7fd41b19954f397ae2df1305	RETAIN_BRANCH_HISTORY_OWNER_COORDINATION_ONLY
origin/main@acc469312c8366e4b0438e702a5f435779e7a125	药衡智析_增量源码交接/public_source_candidate/07_交付/业务报告/f28a74fda6af4e71a27b4b358fc62bb6/report.docx	140120	18875d286fc65801e058011fb2d33faf967d3319	RETAIN_BRANCH_HISTORY_OWNER_COORDINATION_ONLY
origin/main@acc469312c8366e4b0438e702a5f435779e7a125	药衡智析_增量源码交接/public_source_candidate/07_交付/业务报告/f28a74fda6af4e71a27b4b358fc62bb6/report.pdf	548037	1c39640b744e91fd221e277e21e17d21be3c7f91	RETAIN_BRANCH_HISTORY_OWNER_COORDINATION_ONLY
origin/main@acc469312c8366e4b0438e702a5f435779e7a125	药衡智析_增量源码交接/public_source_candidate/07_交付/业务报告/f28a74fda6af4e71a27b4b358fc62bb6/structure.png	27020	5767c832eec5bc1a750842f0dc03471c1752691f	RETAIN_BRANCH_HISTORY_OWNER_COORDINATION_ONLY
origin/main@acc469312c8366e4b0438e702a5f435779e7a125	药衡智析_增量源码交接/public_source_candidate/07_交付/业务报告/f28a74fda6af4e71a27b4b358fc62bb6/trend.png	31502	a327b38efbdfc4ae5ad44606702457550c0591af	RETAIN_BRANCH_HISTORY_OWNER_COORDINATION_ONLY
origin/main@acc469312c8366e4b0438e702a5f435779e7a125	药衡智析_增量源码交接/public_source_candidate/07_交付/业务报告/f28a74fda6af4e71a27b4b358fc62bb6/waterfall.png	27181	8e9fd4388ea9a46cdab25effb518629d396df392	RETAIN_BRANCH_HISTORY_OWNER_COORDINATION_ONLY
origin/main@acc469312c8366e4b0438e702a5f435779e7a125	药衡智析_增量源码交接/public_source_candidate/07_交付/业务报告/fbe27d6a337c409e8394aa1214fda8b2/benchmark.png	32087	160acd78f6765b7659c96fbbcbf10bf7b8c476bf	RETAIN_BRANCH_HISTORY_OWNER_COORDINATION_ONLY
origin/main@acc469312c8366e4b0438e702a5f435779e7a125	药衡智析_增量源码交接/public_source_candidate/07_交付/业务报告/fbe27d6a337c409e8394aa1214fda8b2/machine_audit.json	230929	1d5e30fdd04059b06ab28afd03840001908f9de4	RETAIN_BRANCH_HISTORY_OWNER_COORDINATION_ONLY
origin/main@acc469312c8366e4b0438e702a5f435779e7a125	药衡智析_增量源码交接/public_source_candidate/07_交付/业务报告/fbe27d6a337c409e8394aa1214fda8b2/record.json	234422	9a0f9387563cf5269f54e44bdbb390dbac0b5180	RETAIN_BRANCH_HISTORY_OWNER_COORDINATION_ONLY
origin/main@acc469312c8366e4b0438e702a5f435779e7a125	药衡智析_增量源码交接/public_source_candidate/07_交付/业务报告/fbe27d6a337c409e8394aa1214fda8b2/report.docx	139777	da3f71b9a56afb0ccb2943cdba4c186be51b9e55	RETAIN_BRANCH_HISTORY_OWNER_COORDINATION_ONLY
origin/main@acc469312c8366e4b0438e702a5f435779e7a125	药衡智析_增量源码交接/public_source_candidate/07_交付/业务报告/fbe27d6a337c409e8394aa1214fda8b2/report.pdf	537280	35375de0e9f633a644a98f3a14c136b3620514b7	RETAIN_BRANCH_HISTORY_OWNER_COORDINATION_ONLY
origin/main@acc469312c8366e4b0438e702a5f435779e7a125	药衡智析_增量源码交接/public_source_candidate/07_交付/业务报告/fbe27d6a337c409e8394aa1214fda8b2/structure.png	27020	5767c832eec5bc1a750842f0dc03471c1752691f	RETAIN_BRANCH_HISTORY_OWNER_COORDINATION_ONLY
origin/main@acc469312c8366e4b0438e702a5f435779e7a125	药衡智析_增量源码交接/public_source_candidate/07_交付/业务报告/fbe27d6a337c409e8394aa1214fda8b2/trend.png	31502	a327b38efbdfc4ae5ad44606702457550c0591af	RETAIN_BRANCH_HISTORY_OWNER_COORDINATION_ONLY
origin/main@acc469312c8366e4b0438e702a5f435779e7a125	药衡智析_增量源码交接/public_source_candidate/07_交付/业务报告/fbe27d6a337c409e8394aa1214fda8b2/waterfall.png	27181	8e9fd4388ea9a46cdab25effb518629d396df392	RETAIN_BRANCH_HISTORY_OWNER_COORDINATION_ONLY
origin/main@acc469312c8366e4b0438e702a5f435779e7a125	药衡智析_增量源码交接/public_source_candidate/07_交付/可运行源码交接包/package_manifest.json	626	fdbaf62075a610029249d7e45f8cf52f19763b94	RETAIN_BRANCH_HISTORY_OWNER_COORDINATION_ONLY
origin/main@acc469312c8366e4b0438e702a5f435779e7a125	药衡智析_增量源码交接/public_source_candidate/07_交付/可运行源码交接包/unpack_acceptance.json	1848	b1efb16866595e0aa87ac08877513fa8d4eabd7f	RETAIN_BRANCH_HISTORY_OWNER_COORDINATION_ONLY
origin/main@acc469312c8366e4b0438e702a5f435779e7a125	药衡智析_增量源码交接/public_source_candidate/07_交付/药析证链_制药成本智能分析一等奖方案.html	435436	776d801ee98f85fa40c50a5406342c66a357b101	RETAIN_BRANCH_HISTORY_OWNER_COORDINATION_ONLY
origin/main@acc469312c8366e4b0438e702a5f435779e7a125	药衡智析_增量源码交接/public_source_candidate/90_工具/build_report_artifact.js	33228	a73bbd3b996f8ff5027c2baa030d864dac4afb02	RETAIN_BRANCH_HISTORY_OWNER_COORDINATION_ONLY
origin/main@acc469312c8366e4b0438e702a5f435779e7a125	药衡智析_增量源码交接/public_source_candidate/90_工具/execute_notebook_simple.py	3127	e42a376decb8b3b502962069b486c08b41fc63f3	RETAIN_BRANCH_HISTORY_OWNER_COORDINATION_ONLY
origin/main@acc469312c8366e4b0438e702a5f435779e7a125	药衡智析_增量源码交接/public_source_candidate/90_工具/pharma_prepare_and_analyze.py	29400	29597a4ab9ff1abb0776f8da3bb6ea5f6444f7a5	RETAIN_BRANCH_HISTORY_OWNER_COORDINATION_ONLY
origin/main@acc469312c8366e4b0438e702a5f435779e7a125	药衡智析_增量源码交接/public_source_candidate/90_工具/prepare_team_workspace_safe.py	4225	2b8d832ccdfb31552c8f97ea7a29eaa0d8de1d06	RETAIN_BRANCH_HISTORY_OWNER_COORDINATION_ONLY
origin/main@acc469312c8366e4b0438e702a5f435779e7a125	药衡智析_增量源码交接/public_source_candidate/90_工具/rebuild_independent_golden.py	5279	0005eb7c4522b019e9d8d75e46b3916f79d2530e	RETAIN_BRANCH_HISTORY_OWNER_COORDINATION_ONLY
origin/main@acc469312c8366e4b0438e702a5f435779e7a125	药衡智析_增量源码交接/public_source_candidate/90_工具/validate_report_queries.py	1315	481ff5c7401394a148becef4474b5391454ea8d0	RETAIN_BRANCH_HISTORY_OWNER_COORDINATION_ONLY
origin/main@acc469312c8366e4b0438e702a5f435779e7a125	药衡智析_增量源码交接/public_source_candidate/docs/INCREMENTAL_AUDIT.md	4057	218100dbfa80c1ae3b593930508fd02cf6c6b01a	RETAIN_BRANCH_HISTORY_OWNER_COORDINATION_ONLY
origin/main@acc469312c8366e4b0438e702a5f435779e7a125	药衡智析_增量源码交接/public_source_candidate/docs/agents/domain.md	215	924d4c6b8bc274ec1ff7a02e5c2131c9e8d2ffe6	RETAIN_BRANCH_HISTORY_OWNER_COORDINATION_ONLY
origin/main@acc469312c8366e4b0438e702a5f435779e7a125	药衡智析_增量源码交接/public_source_candidate/docs/agents/issue-tracker.md	321	fff578986ee9ff81957d0e1064b62661fee952f2	RETAIN_BRANCH_HISTORY_OWNER_COORDINATION_ONLY
origin/main@acc469312c8366e4b0438e702a5f435779e7a125	药衡智析_增量源码交接/public_source_candidate/docs/baseline.json	7426	864f6f71a64f166c5fb61241670d0d58734efefb	RETAIN_BRANCH_HISTORY_OWNER_COORDINATION_ONLY
origin/main@acc469312c8366e4b0438e702a5f435779e7a125	药衡智析_增量源码交接/public_source_candidate/merge_report.json	25231	875805dc620a3365221eafb75aece8fc76fda0de	RETAIN_BRANCH_HISTORY_OWNER_COORDINATION_ONLY
origin/main@acc469312c8366e4b0438e702a5f435779e7a125	药衡智析_增量源码交接/team_internal/00_赛题原始资料/7.（创灵境）2026年第二届重庆市AI大模型创新应用大赛企业出题.docx	35554	d8ecf81a7367151724f3edb3f41ccdfbdd652052	RETAIN_BRANCH_HISTORY_OWNER_COORDINATION_ONLY
origin/main@acc469312c8366e4b0438e702a5f435779e7a125	药衡智析_增量源码交接/team_internal/00_赛题原始资料/创灵境_考题模拟数据1.1.zip	2095253	ec365a279978429109e4894e53d8d0fb5c060d10	RETAIN_BRANCH_HISTORY_OWNER_COORDINATION_ONLY
origin/main@acc469312c8366e4b0438e702a5f435779e7a125	药衡智析_增量源码交接/team_internal/00_赛题原始资料/模拟数据_V1.1_净化解压/创灵境_考题模拟数据/01_成本明细数据/中药一厂_人工工时明细_2026年1-6月.csv	1565	117fa32eb145d0dddf3a34182f7bf5eec9e0415d	RETAIN_BRANCH_HISTORY_OWNER_COORDINATION_ONLY
origin/main@acc469312c8366e4b0438e702a5f435779e7a125	药衡智析_增量源码交接/team_internal/00_赛题原始资料/模拟数据_V1.1_净化解压/创灵境_考题模拟数据/01_成本明细数据/中药一厂_制造费用明细_2026年1-6月.csv	8086	d191d81c920a3051c9e8c2ad9fd1b39126bc8037	RETAIN_BRANCH_HISTORY_OWNER_COORDINATION_ONLY
origin/main@acc469312c8366e4b0438e702a5f435779e7a125	药衡智析_增量源码交接/team_internal/00_赛题原始资料/模拟数据_V1.1_净化解压/创灵境_考题模拟数据/01_成本明细数据/中药一厂_原材料消耗明细_2026年1-6月.csv	10175	49569b6f8464bcb15ee4e0605698e69f2b24b6d4	RETAIN_BRANCH_HISTORY_OWNER_COORDINATION_ONLY
origin/main@acc469312c8366e4b0438e702a5f435779e7a125	药衡智析_增量源码交接/team_internal/00_赛题原始资料/模拟数据_V1.1_净化解压/创灵境_考题模拟数据/01_成本明细数据/中药一厂_成本汇总_2025年1-6月.csv	1780	54bd8bb4ef5ccc9f4503d114b9dc448090f3139e	RETAIN_BRANCH_HISTORY_OWNER_COORDINATION_ONLY
origin/main@acc469312c8366e4b0438e702a5f435779e7a125	药衡智析_增量源码交接/team_internal/00_赛题原始资料/模拟数据_V1.1_净化解压/创灵境_考题模拟数据/01_成本明细数据/中药一厂_成本汇总_2026年1-6月.csv	1779	5a69790c44fe74e9073cf51e820f4ea8bd3ee473	RETAIN_BRANCH_HISTORY_OWNER_COORDINATION_ONLY
origin/main@acc469312c8366e4b0438e702a5f435779e7a125	药衡智析_增量源码交接/team_internal/00_赛题原始资料/模拟数据_V1.1_净化解压/创灵境_考题模拟数据/01_成本明细数据/中药一厂_预算数据_2026年.csv	1779	1e5a5ea4d22fa3c2a242c7e01263c970a95f3f15	RETAIN_BRANCH_HISTORY_OWNER_COORDINATION_ONLY
origin/main@acc469312c8366e4b0438e702a5f435779e7a125	药衡智析_增量源码交接/team_internal/00_赛题原始资料/模拟数据_V1.1_净化解压/创灵境_考题模拟数据/01_成本明细数据/中药二厂_成本汇总_2025年1-6月.csv	1779	3dc5b7d5bc602616279ebafe65964fe0e65726a9	RETAIN_BRANCH_HISTORY_OWNER_COORDINATION_ONLY
origin/main@acc469312c8366e4b0438e702a5f435779e7a125	药衡智析_增量源码交接/team_internal/00_赛题原始资料/模拟数据_V1.1_净化解压/创灵境_考题模拟数据/01_成本明细数据/中药二厂_成本汇总_2026年1-6月.csv	1781	88a29462d2a7ecdd723657412cd4e2ed55cc9549	RETAIN_BRANCH_HISTORY_OWNER_COORDINATION_ONLY
origin/main@acc469312c8366e4b0438e702a5f435779e7a125	药衡智析_增量源码交接/team_internal/00_赛题原始资料/模拟数据_V1.1_净化解压/创灵境_考题模拟数据/02_行业参考数据/药材市场价格行情_2026年上半年.csv	1583	5aef6a26b7fd6a27abce78f8639b08745288f089	RETAIN_BRANCH_HISTORY_OWNER_COORDINATION_ONLY
origin/main@acc469312c8366e4b0438e702a5f435779e7a125	药衡智析_增量源码交接/team_internal/00_赛题原始资料/模拟数据_V1.1_净化解压/创灵境_考题模拟数据/02_行业参考数据/行业成本基准数据_2026.csv	1378	411cc1a7fc03b926f54facf91cbedf1a4b78087a	RETAIN_BRANCH_HISTORY_OWNER_COORDINATION_ONLY
origin/main@acc469312c8366e4b0438e702a5f435779e7a125	药衡智析_增量源码交接/team_internal/00_赛题原始资料/模拟数据_V1.1_净化解压/创灵境_考题模拟数据/03_制药知识文档/GMP法规核心摘要_2010修订版.pdf	815792	8784417862f86a3747aada417cbf7151abf15b4d	RETAIN_BRANCH_HISTORY_OWNER_COORDINATION_ONLY
origin/main@acc469312c8366e4b0438e702a5f435779e7a125	药衡智析_增量源码交接/team_internal/00_赛题原始资料/模拟数据_V1.1_净化解压/创灵境_考题模拟数据/03_制药知识文档/产品配方文档_六味地黄胶囊.pdf	436675	c3dbee4183d86e30ebf81a664374cd21f7d1dda2	RETAIN_BRANCH_HISTORY_OWNER_COORDINATION_ONLY
origin/main@acc469312c8366e4b0438e702a5f435779e7a125	药衡智析_增量源码交接/team_internal/00_赛题原始资料/模拟数据_V1.1_净化解压/创灵境_考题模拟数据/03_制药知识文档/产品配方文档_板蓝根颗粒.pdf	386196	6cb881331b2946475b242f2a87c8af50c5f3c10b	RETAIN_BRANCH_HISTORY_OWNER_COORDINATION_ONLY
origin/main@acc469312c8366e4b0438e702a5f435779e7a125	药衡智析_增量源码交接/team_internal/00_赛题原始资料/模拟数据_V1.1_净化解压/创灵境_考题模拟数据/03_制药知识文档/产品配方文档_银黄口服液.pdf	345398	c492385c261994693223e2dc0f6345824e0db52e	RETAIN_BRANCH_HISTORY_OWNER_COORDINATION_ONLY
origin/main@acc469312c8366e4b0438e702a5f435779e7a125	药衡智析_增量源码交接/team_internal/00_赛题原始资料/模拟数据_V1.1_净化解压/创灵境_考题模拟数据/03_制药知识文档/生产工艺文档_中药一厂.pdf	542078	61bf72f8fe08ed4da40f7a507310f075d6cde3f1	RETAIN_BRANCH_HISTORY_OWNER_COORDINATION_ONLY
origin/main@acc469312c8366e4b0438e702a5f435779e7a125	药衡智析_增量源码交接/team_internal/00_赛题原始资料/模拟数据_V1.1_净化解压/创灵境_考题模拟数据/03_制药知识文档/药品生产质量管理规范GMP.pdf	483607	285e64d709dcf5ee3b8b5c8e50bdf5e969a8cfc4	RETAIN_BRANCH_HISTORY_OWNER_COORDINATION_ONLY
origin/main@acc469312c8366e4b0438e702a5f435779e7a125	药衡智析_增量源码交接/team_internal/00_赛题原始资料/模拟数据_V1.1_净化解压/创灵境_考题模拟数据/03_制药知识文档/车间设备清单_中药一厂.pdf	375424	c0b768942b42f5abe5ddf7af76776b0effd04580	RETAIN_BRANCH_HISTORY_OWNER_COORDINATION_ONLY
origin/main@acc469312c8366e4b0438e702a5f435779e7a125	药衡智析_增量源码交接/team_internal/00_赛题原始资料/模拟数据_V1.1_净化解压/创灵境_考题模拟数据/04_报告模板/月度成本分析报告模板.docx	35829	dd24657a056acbe46102b1358b804a215bea8946	RETAIN_BRANCH_HISTORY_OWNER_COORDINATION_ONLY
origin/main@acc469312c8366e4b0438e702a5f435779e7a125	药衡智析_增量源码交接/team_internal/00_赛题原始资料/模拟数据_V1.1_净化解压/创灵境_考题模拟数据/04_报告模板/月度成本分析报告模板.md	6131	d24734e121c6b5af995f06164141bb0bffa9a500	RETAIN_BRANCH_HISTORY_OWNER_COORDINATION_ONLY
origin/main@acc469312c8366e4b0438e702a5f435779e7a125	药衡智析_增量源码交接/team_internal/00_赛题原始资料/模拟数据_V1.1_净化解压/创灵境_考题模拟数据/05_RPA接口文档/Dockerfile	185	6b2d2df9cf46171f03736c306f2628b35456e488	RETAIN_BRANCH_HISTORY_OWNER_COORDINATION_ONLY
origin/main@acc469312c8366e4b0438e702a5f435779e7a125	药衡智析_增量源码交接/team_internal/00_赛题原始资料/模拟数据_V1.1_净化解压/创灵境_考题模拟数据/05_RPA接口文档/mock_rpa_server.py	8471	786b36d9cb471975c6088fb9796c5507b9d58ec1	RETAIN_BRANCH_HISTORY_OWNER_COORDINATION_ONLY
origin/main@acc469312c8366e4b0438e702a5f435779e7a125	药衡智析_增量源码交接/team_internal/00_赛题原始资料/模拟数据_V1.1_净化解压/创灵境_考题模拟数据/05_RPA接口文档/requirements.txt	26	364e2ee48ed028108fe2a2dc80d0090a5f3c4247	RETAIN_BRANCH_HISTORY_OWNER_COORDINATION_ONLY
origin/main@acc469312c8366e4b0438e702a5f435779e7a125	药衡智析_增量源码交接/team_internal/00_赛题原始资料/模拟数据_V1.1_净化解压/创灵境_考题模拟数据/05_RPA接口文档/模拟RPA接口文档.md	10167	6e451405ec9844b60e5dd979bf18fd550fd30dfb	RETAIN_BRANCH_HISTORY_OWNER_COORDINATION_ONLY
origin/main@acc469312c8366e4b0438e702a5f435779e7a125	药衡智析_增量源码交接/team_internal/00_赛题原始资料/模拟数据_V1.1_净化解压/创灵境_考题模拟数据/README.md	11058	5ef3356ce13fae9cc2954981d2dd936d9ca34114	RETAIN_BRANCH_HISTORY_OWNER_COORDINATION_ONLY
origin/main@acc469312c8366e4b0438e702a5f435779e7a125	药衡智析_增量源码交接/team_internal/00_赛题原始资料/模拟数据_V1.1_净化解压/创灵境_考题模拟数据/问题检查报告.md	3201	5b366f15e5059cc4e2ef343e891ce3e74ce31123	RETAIN_BRANCH_HISTORY_OWNER_COORDINATION_ONLY
origin/main@acc469312c8366e4b0438e702a5f435779e7a125	药衡智析_增量源码交接/team_internal/00_赛题原始资料/赛题要求_企业出题创灵境.md	13660	0396cfab8f00efd5ea90c0d1919484596410b0b8	RETAIN_BRANCH_HISTORY_OWNER_COORDINATION_ONLY
origin/main@acc469312c8366e4b0438e702a5f435779e7a125	药衡智析_增量源码交接/team_internal/01_数据/00_原始/01_成本明细数据/中药一厂_人工工时明细_2026年1-6月.csv	1565	117fa32eb145d0dddf3a34182f7bf5eec9e0415d	RETAIN_BRANCH_HISTORY_OWNER_COORDINATION_ONLY
origin/main@acc469312c8366e4b0438e702a5f435779e7a125	药衡智析_增量源码交接/team_internal/01_数据/00_原始/01_成本明细数据/中药一厂_制造费用明细_2026年1-6月.csv	8086	d191d81c920a3051c9e8c2ad9fd1b39126bc8037	RETAIN_BRANCH_HISTORY_OWNER_COORDINATION_ONLY
origin/main@acc469312c8366e4b0438e702a5f435779e7a125	药衡智析_增量源码交接/team_internal/01_数据/00_原始/01_成本明细数据/中药一厂_原材料消耗明细_2026年1-6月.csv	10175	49569b6f8464bcb15ee4e0605698e69f2b24b6d4	RETAIN_BRANCH_HISTORY_OWNER_COORDINATION_ONLY
origin/main@acc469312c8366e4b0438e702a5f435779e7a125	药衡智析_增量源码交接/team_internal/01_数据/00_原始/01_成本明细数据/中药一厂_成本汇总_2025年1-6月.csv	1780	54bd8bb4ef5ccc9f4503d114b9dc448090f3139e	RETAIN_BRANCH_HISTORY_OWNER_COORDINATION_ONLY
origin/main@acc469312c8366e4b0438e702a5f435779e7a125	药衡智析_增量源码交接/team_internal/01_数据/00_原始/01_成本明细数据/中药一厂_成本汇总_2026年1-6月.csv	1779	5a69790c44fe74e9073cf51e820f4ea8bd3ee473	RETAIN_BRANCH_HISTORY_OWNER_COORDINATION_ONLY
origin/main@acc469312c8366e4b0438e702a5f435779e7a125	药衡智析_增量源码交接/team_internal/01_数据/00_原始/01_成本明细数据/中药一厂_预算数据_2026年.csv	1779	1e5a5ea4d22fa3c2a242c7e01263c970a95f3f15	RETAIN_BRANCH_HISTORY_OWNER_COORDINATION_ONLY
origin/main@acc469312c8366e4b0438e702a5f435779e7a125	药衡智析_增量源码交接/team_internal/01_数据/00_原始/01_成本明细数据/中药二厂_成本汇总_2025年1-6月.csv	1779	3dc5b7d5bc602616279ebafe65964fe0e65726a9	RETAIN_BRANCH_HISTORY_OWNER_COORDINATION_ONLY
origin/main@acc469312c8366e4b0438e702a5f435779e7a125	药衡智析_增量源码交接/team_internal/01_数据/00_原始/01_成本明细数据/中药二厂_成本汇总_2026年1-6月.csv	1781	88a29462d2a7ecdd723657412cd4e2ed55cc9549	RETAIN_BRANCH_HISTORY_OWNER_COORDINATION_ONLY
origin/main@acc469312c8366e4b0438e702a5f435779e7a125	药衡智析_增量源码交接/team_internal/01_数据/00_原始/02_行业参考数据/药材市场价格行情_2026年上半年.csv	1583	5aef6a26b7fd6a27abce78f8639b08745288f089	RETAIN_BRANCH_HISTORY_OWNER_COORDINATION_ONLY
origin/main@acc469312c8366e4b0438e702a5f435779e7a125	药衡智析_增量源码交接/team_internal/01_数据/00_原始/02_行业参考数据/行业成本基准数据_2026.csv	1378	411cc1a7fc03b926f54facf91cbedf1a4b78087a	RETAIN_BRANCH_HISTORY_OWNER_COORDINATION_ONLY
origin/main@acc469312c8366e4b0438e702a5f435779e7a125	药衡智析_增量源码交接/team_internal/01_数据/01_清洗/01_成本明细数据/中药一厂_人工工时明细_2026年1-6月.csv	1546	cbee60b8cea4c938fad7a06666411f2b02f8907f	RETAIN_BRANCH_HISTORY_OWNER_COORDINATION_ONLY
origin/main@acc469312c8366e4b0438e702a5f435779e7a125	药衡智析_增量源码交接/team_internal/01_数据/01_清洗/01_成本明细数据/中药一厂_制造费用明细_2026年1-6月.csv	7995	7433677f9dbbaa2f7d73bd0f6f189dc054b86994	RETAIN_BRANCH_HISTORY_OWNER_COORDINATION_ONLY
origin/main@acc469312c8366e4b0438e702a5f435779e7a125	药衡智析_增量源码交接/team_internal/01_数据/01_清洗/01_成本明细数据/中药一厂_原材料消耗明细_2026年1-6月.csv	10066	6d2d45f8fec9f6c83c7dde54c87c987d14c137a3	RETAIN_BRANCH_HISTORY_OWNER_COORDINATION_ONLY
origin/main@acc469312c8366e4b0438e702a5f435779e7a125	药衡智析_增量源码交接/team_internal/01_数据/01_清洗/01_成本明细数据/中药一厂_成本汇总_2025年1-6月.csv	1761	ea1670da261f4a1db9c0ac089cc8dc0e4ecaac54	RETAIN_BRANCH_HISTORY_OWNER_COORDINATION_ONLY
origin/main@acc469312c8366e4b0438e702a5f435779e7a125	药衡智析_增量源码交接/team_internal/01_数据/01_清洗/01_成本明细数据/中药一厂_成本汇总_2026年1-6月.csv	1760	646bdd5169363548441356097d6dc7baf72d90f2	RETAIN_BRANCH_HISTORY_OWNER_COORDINATION_ONLY
origin/main@acc469312c8366e4b0438e702a5f435779e7a125	药衡智析_增量源码交接/team_internal/01_数据/01_清洗/01_成本明细数据/中药一厂_预算数据_2026年.csv	1760	e0305fdb41a9ef3a4430375ce14f424027fd795c	RETAIN_BRANCH_HISTORY_OWNER_COORDINATION_ONLY
origin/main@acc469312c8366e4b0438e702a5f435779e7a125	药衡智析_增量源码交接/team_internal/01_数据/01_清洗/01_成本明细数据/中药二厂_成本汇总_2025年1-6月.csv	1760	c0a0d39a5f72b4f6a987a2c9e9ff111069fbb379	RETAIN_BRANCH_HISTORY_OWNER_COORDINATION_ONLY
origin/main@acc469312c8366e4b0438e702a5f435779e7a125	药衡智析_增量源码交接/team_internal/01_数据/01_清洗/01_成本明细数据/中药二厂_成本汇总_2026年1-6月.csv	1762	f118eb5f2bec1e485a6d31d70622f0cc25e10579	RETAIN_BRANCH_HISTORY_OWNER_COORDINATION_ONLY
origin/main@acc469312c8366e4b0438e702a5f435779e7a125	药衡智析_增量源码交接/team_internal/01_数据/01_清洗/02_行业参考数据/药材市场价格行情_2026年上半年.csv	1583	25f6b37406e4314cb7018d56e8ae228363bcfee6	RETAIN_BRANCH_HISTORY_OWNER_COORDINATION_ONLY
origin/main@acc469312c8366e4b0438e702a5f435779e7a125	药衡智析_增量源码交接/team_internal/01_数据/01_清洗/02_行业参考数据/行业成本基准数据_2026.csv	1360	ef350beeb64d880f85eb0f0cb826354fa4cf898a	RETAIN_BRANCH_HISTORY_OWNER_COORDINATION_ONLY
origin/main@acc469312c8366e4b0438e702a5f435779e7a125	药衡智析_增量源码交接/team_internal/01_数据/02_分析输出/产品月度成本指标.csv	8180	815637125b1cf699c37bf09dc3a3c68060635874	RETAIN_BRANCH_HISTORY_OWNER_COORDINATION_ONLY
origin/main@acc469312c8366e4b0438e702a5f435779e7a125	药衡智析_增量源码交接/team_internal/01_数据/02_分析输出/成本波动阈值告警.csv	5	af0744ae0a655a95ccd696cb1dc27e7f120434b2	RETAIN_BRANCH_HISTORY_OWNER_COORDINATION_ONLY
origin/main@acc469312c8366e4b0438e702a5f435779e7a125	药衡智析_增量源码交接/team_internal/01_数据/02_分析输出/推荐三场景指标.csv	2123	72f0f7423b31f7b9d423a4ed1026e49a74ffd565	RETAIN_BRANCH_HISTORY_OWNER_COORDINATION_ONLY
origin/main@acc469312c8366e4b0438e702a5f435779e7a125	药衡智析_增量源码交接/team_internal/02_知识库/00_原始/GMP法规核心摘要_2010修订版.pdf	815792	8784417862f86a3747aada417cbf7151abf15b4d	RETAIN_BRANCH_HISTORY_OWNER_COORDINATION_ONLY
origin/main@acc469312c8366e4b0438e702a5f435779e7a125	药衡智析_增量源码交接/team_internal/02_知识库/00_原始/产品配方文档_六味地黄胶囊.pdf	436675	c3dbee4183d86e30ebf81a664374cd21f7d1dda2	RETAIN_BRANCH_HISTORY_OWNER_COORDINATION_ONLY
origin/main@acc469312c8366e4b0438e702a5f435779e7a125	药衡智析_增量源码交接/team_internal/02_知识库/00_原始/产品配方文档_板蓝根颗粒.pdf	386196	6cb881331b2946475b242f2a87c8af50c5f3c10b	RETAIN_BRANCH_HISTORY_OWNER_COORDINATION_ONLY
origin/main@acc469312c8366e4b0438e702a5f435779e7a125	药衡智析_增量源码交接/team_internal/02_知识库/00_原始/产品配方文档_银黄口服液.pdf	345398	c492385c261994693223e2dc0f6345824e0db52e	RETAIN_BRANCH_HISTORY_OWNER_COORDINATION_ONLY
origin/main@acc469312c8366e4b0438e702a5f435779e7a125	药衡智析_增量源码交接/team_internal/02_知识库/00_原始/生产工艺文档_中药一厂.pdf	542078	61bf72f8fe08ed4da40f7a507310f075d6cde3f1	RETAIN_BRANCH_HISTORY_OWNER_COORDINATION_ONLY
origin/main@acc469312c8366e4b0438e702a5f435779e7a125	药衡智析_增量源码交接/team_internal/02_知识库/00_原始/药品生产质量管理规范GMP.pdf	483607	285e64d709dcf5ee3b8b5c8e50bdf5e969a8cfc4	RETAIN_BRANCH_HISTORY_OWNER_COORDINATION_ONLY
origin/main@acc469312c8366e4b0438e702a5f435779e7a125	药衡智析_增量源码交接/team_internal/02_知识库/00_原始/车间设备清单_中药一厂.pdf	375424	c0b768942b42f5abe5ddf7af76776b0effd04580	RETAIN_BRANCH_HISTORY_OWNER_COORDINATION_ONLY
origin/main@acc469312c8366e4b0438e702a5f435779e7a125	药衡智析_增量源码交接/team_internal/02_知识库/01_解析/GMP法规核心摘要_2010修订版.md	8717	d61b654dc4077cf59e02c299a16766daeab4f589	RETAIN_BRANCH_HISTORY_OWNER_COORDINATION_ONLY
origin/main@acc469312c8366e4b0438e702a5f435779e7a125	药衡智析_增量源码交接/team_internal/02_知识库/01_解析/产品配方文档_六味地黄胶囊.md	2830	694f7d27a2c5b5bbb6cef8c5bfdbbf449b0b35e5	RETAIN_BRANCH_HISTORY_OWNER_COORDINATION_ONLY
origin/main@acc469312c8366e4b0438e702a5f435779e7a125	药衡智析_增量源码交接/team_internal/02_知识库/01_解析/产品配方文档_板蓝根颗粒.md	1863	6c6a019b7ff3790a2274c0966acbc7064b5eeaaf	RETAIN_BRANCH_HISTORY_OWNER_COORDINATION_ONLY
origin/main@acc469312c8366e4b0438e702a5f435779e7a125	药衡智析_增量源码交接/team_internal/02_知识库/01_解析/产品配方文档_银黄口服液.md	1876	5d84a26fceda56ac611447c8c6355634345e955f	RETAIN_BRANCH_HISTORY_OWNER_COORDINATION_ONLY
origin/main@acc469312c8366e4b0438e702a5f435779e7a125	药衡智析_增量源码交接/team_internal/02_知识库/01_解析/生产工艺文档_中药一厂.md	5711	3edf65b0ff42dba175a6a45c0f061c57d7efe12f	RETAIN_BRANCH_HISTORY_OWNER_COORDINATION_ONLY
origin/main@acc469312c8366e4b0438e702a5f435779e7a125	药衡智析_增量源码交接/team_internal/02_知识库/01_解析/药品生产质量管理规范GMP.md	103512	e45ec0a9b8fb328ad05f63929d3509e90cc6cf61	RETAIN_BRANCH_HISTORY_OWNER_COORDINATION_ONLY
origin/main@acc469312c8366e4b0438e702a5f435779e7a125	药衡智析_增量源码交接/team_internal/02_知识库/01_解析/车间设备清单_中药一厂.md	4320	bff3fd29d2a045e937b0065a6813d85b25608e69	RETAIN_BRANCH_HISTORY_OWNER_COORDINATION_ONLY
origin/main@acc469312c8366e4b0438e702a5f435779e7a125	药衡智析_增量源码交接/team_internal/02_知识库/02_清洗/GMP法规核心摘要_2010修订版.md	8717	d61b654dc4077cf59e02c299a16766daeab4f589	RETAIN_BRANCH_HISTORY_OWNER_COORDINATION_ONLY
origin/main@acc469312c8366e4b0438e702a5f435779e7a125	药衡智析_增量源码交接/team_internal/02_知识库/02_清洗/产品配方文档_六味地黄胶囊.md	2706	1a960bf870d8c3fc6020f439b6e2b0a294d1e2b5	RETAIN_BRANCH_HISTORY_OWNER_COORDINATION_ONLY
origin/main@acc469312c8366e4b0438e702a5f435779e7a125	药衡智析_增量源码交接/team_internal/02_知识库/02_清洗/产品配方文档_板蓝根颗粒.md	1785	9f9dbf95794b677ba11170392ffb1d066d3b0f7a	RETAIN_BRANCH_HISTORY_OWNER_COORDINATION_ONLY
origin/main@acc469312c8366e4b0438e702a5f435779e7a125	药衡智析_增量源码交接/team_internal/02_知识库/02_清洗/产品配方文档_银黄口服液.md	1868	c5ba617ba8850f9d7a2a6672845c2d68fa2d797f	RETAIN_BRANCH_HISTORY_OWNER_COORDINATION_ONLY
origin/main@acc469312c8366e4b0438e702a5f435779e7a125	药衡智析_增量源码交接/team_internal/02_知识库/02_清洗/生产工艺文档_中药一厂.md	5227	96ddae20dd347e89dbfcf1300f53414c6ffc2f49	RETAIN_BRANCH_HISTORY_OWNER_COORDINATION_ONLY
origin/main@acc469312c8366e4b0438e702a5f435779e7a125	药衡智析_增量源码交接/team_internal/02_知识库/02_清洗/药品生产质量管理规范GMP.md	97662	027dc42fbba5022efa12f9ede8d9d2136f1db081	RETAIN_BRANCH_HISTORY_OWNER_COORDINATION_ONLY
origin/main@acc469312c8366e4b0438e702a5f435779e7a125	药衡智析_增量源码交接/team_internal/02_知识库/02_清洗/车间设备清单_中药一厂.md	3871	8ef2284b19bde7ef798c84af149fdfffb470b3e5	RETAIN_BRANCH_HISTORY_OWNER_COORDINATION_ONLY
origin/main@acc469312c8366e4b0438e702a5f435779e7a125	药衡智析_增量源码交接/team_internal/02_知识库/03_索引/chunks.jsonl	177561	2d6b3f2ab14bad3f25c3b9661bad84547529989b	RETAIN_BRANCH_HISTORY_OWNER_COORDINATION_ONLY
origin/main@acc469312c8366e4b0438e702a5f435779e7a125	药衡智析_增量源码交接/team_internal/02_知识库/03_索引/corpus_build_summary.json	199	fcda005e43b67b005573057105b02062c577c3bb	RETAIN_BRANCH_HISTORY_OWNER_COORDINATION_ONLY
origin/main@acc469312c8366e4b0438e702a5f435779e7a125	药衡智析_增量源码交接/team_internal/02_知识库/03_索引/document_manifest.csv	2109	acde6959a0b7e19078f2b4ee34e6cf1f0379cbe2	RETAIN_BRANCH_HISTORY_OWNER_COORDINATION_ONLY
origin/main@acc469312c8366e4b0438e702a5f435779e7a125	药衡智析_增量源码交接/team_internal/03_研究/report_chart_corpus.sql	681	1fd0c8cd989223f7c1e68428b0a6436c50ef833f	RETAIN_BRANCH_HISTORY_OWNER_COORDINATION_ONLY
origin/main@acc469312c8366e4b0438e702a5f435779e7a125	药衡智析_增量源码交接/team_internal/03_研究/report_chart_scenarios.sql	1248	2b6ff05daf4ecedb5088c17da80708835e40e0d4	RETAIN_BRANCH_HISTORY_OWNER_COORDINATION_ONLY
origin/main@acc469312c8366e4b0438e702a5f435779e7a125	药衡智析_增量源码交接/team_internal/03_研究/report_table_scenarios.sql	885	6246a7a9d1b7d504d41e61bd389304ae36cfca57	RETAIN_BRANCH_HISTORY_OWNER_COORDINATION_ONLY
origin/main@acc469312c8366e4b0438e702a5f435779e7a125	药衡智析_增量源码交接/team_internal/03_研究/report_table_stack.sql	1139	c5e5add0fa42f41aee53f655a1d071bf2d80c318	RETAIN_BRANCH_HISTORY_OWNER_COORDINATION_ONLY
origin/main@acc469312c8366e4b0438e702a5f435779e7a125	药衡智析_增量源码交接/team_internal/03_研究/制药成本模拟数据深度分析.ipynb	23051	df2ab412f8c24532419f2ca29867863316484e6e	RETAIN_BRANCH_HISTORY_OWNER_COORDINATION_ONLY
origin/main@acc469312c8366e4b0438e702a5f435779e7a125	药衡智析_增量源码交接/team_internal/03_研究/外部资料/权威来源清单.md	1453	3a91f83ed1f593fd5e5705ab28640c6dddae8a46	RETAIN_BRANCH_HISTORY_OWNER_COORDINATION_ONLY
origin/main@acc469312c8366e4b0438e702a5f435779e7a125	药衡智析_增量源码交接/team_internal/03_研究/开源项目/GitHub开源项目筛选.md	1699	f9f3217529c736d9f149bb1335a456bc1b84b2c1	RETAIN_BRANCH_HISTORY_OWNER_COORDINATION_ONLY
origin/main@acc469312c8366e4b0438e702a5f435779e7a125	药衡智析_增量源码交接/team_internal/04_baseline/README.md	166	38c3f7dc11d2e5236199677036d480eddc508c24	RETAIN_BRANCH_HISTORY_OWNER_COORDINATION_ONLY
origin/main@acc469312c8366e4b0438e702a5f435779e7a125	药衡智析_增量源码交接/team_internal/04_baseline/S2_record.json	88181	9f42d51f3e77996e173b01fcd6b305dc46f7e11e	RETAIN_BRANCH_HISTORY_OWNER_COORDINATION_ONLY
origin/main@acc469312c8366e4b0438e702a5f435779e7a125	药衡智析_增量源码交接/team_internal/04_baseline/S2_report.docx	75320	3881faec35d8d1171a3f8717136bf5b5d2ee2485	RETAIN_BRANCH_HISTORY_OWNER_COORDINATION_ONLY
origin/main@acc469312c8366e4b0438e702a5f435779e7a125	药衡智析_增量源码交接/team_internal/04_baseline/S2_report.pdf	561507	59b2433c6de44290e3c1e3837fe80159dc40407c	RETAIN_BRANCH_HISTORY_OWNER_COORDINATION_ONLY
origin/main@acc469312c8366e4b0438e702a5f435779e7a125	药衡智析_增量源码交接/team_internal/04_baseline/retrieval_results.json	17424	988ad2a68942d085960c20f5269119a7d5cc27fe	RETAIN_BRANCH_HISTORY_OWNER_COORDINATION_ONLY
origin/main@acc469312c8366e4b0438e702a5f435779e7a125	药衡智析_增量源码交接/team_internal/04_baseline/scenario_reports.json	31705	7a6784351ed7dbeee6174ce85b43630f988a0344	RETAIN_BRANCH_HISTORY_OWNER_COORDINATION_ONLY
origin/main@acc469312c8366e4b0438e702a5f435779e7a125	药衡智析_增量源码交接/team_internal/04_baseline/verification.json	5429	55563cecf75bcf61a8691284cf2951c168bf2bce	RETAIN_BRANCH_HISTORY_OWNER_COORDINATION_ONLY
origin/main@acc469312c8366e4b0438e702a5f435779e7a125	药衡智析_增量源码交接/team_internal/04_方案与文档/placeholder_map.json	45846	d5e479fcf7f39e14c327df6d091f44f859b63061	RETAIN_BRANCH_HISTORY_OWNER_COORDINATION_ONLY
origin/main@acc469312c8366e4b0438e702a5f435779e7a125	药衡智析_增量源码交接/team_internal/04_方案与文档/月度成本分析报告工作模板.docx	30791	2bcb1c53ce30e5cb7d3414d50a2ed7ad399d7f2a	RETAIN_BRANCH_HISTORY_OWNER_COORDINATION_ONLY
origin/main@acc469312c8366e4b0438e702a5f435779e7a125	药衡智析_增量源码交接/team_internal/04_方案与文档/系统初步方案.md	2646	cbffaf6cce7c63b6d324c9c28175f21958fcc436	RETAIN_BRANCH_HISTORY_OWNER_COORDINATION_ONLY
origin/main@acc469312c8366e4b0438e702a5f435779e7a125	药衡智析_增量源码交接/team_internal/04_方案与文档/赛题逐条合规审计与详细技术方案.md	10501	8baa6c95806905a2b336e21d2eb9769bbe1611c7	RETAIN_BRANCH_HISTORY_OWNER_COORDINATION_ONLY
origin/main@acc469312c8366e4b0438e702a5f435779e7a125	药衡智析_增量源码交接/team_internal/05_原型/tests/e2e.mjs	9568	5690b65f97302e5ad7032cd0f71f9214588cfca4	RETAIN_BRANCH_HISTORY_OWNER_COORDINATION_ONLY
origin/main@acc469312c8366e4b0438e702a5f435779e7a125	药衡智析_增量源码交接/team_internal/05_原型/tests/e2e_final_artifacts.mjs	2559	91726514152cc77f30906348a2159fa9e4313f7b	RETAIN_BRANCH_HISTORY_OWNER_COORDINATION_ONLY
origin/main@acc469312c8366e4b0438e702a5f435779e7a125	药衡智析_增量源码交接/team_internal/05_原型/tests/e2e_incremental_20260916.mjs	14772	054dc02bc1fc6a9c1f3e397a1cae0050a1617e42	RETAIN_BRANCH_HISTORY_OWNER_COORDINATION_ONLY
origin/main@acc469312c8366e4b0438e702a5f435779e7a125	药衡智析_增量源码交接/team_internal/05_原型/tests/e2e_narrative.mjs	4524	fbbeffa2ac6a4a69ef82f7510e15da8cc832f19d	RETAIN_BRANCH_HISTORY_OWNER_COORDINATION_ONLY
origin/main@acc469312c8366e4b0438e702a5f435779e7a125	药衡智析_增量源码交接/team_internal/05_原型/tests/e2e_plan_incremental_20260916.mjs	5756	95f756e1850cd014ec39177444fe126a6b2e6163	RETAIN_BRANCH_HISTORY_OWNER_COORDINATION_ONLY
origin/main@acc469312c8366e4b0438e702a5f435779e7a125	药衡智析_增量源码交接/team_internal/05_原型/tests/e2e_recovery.mjs	3048	a70a810696ef11586b4bf5ecf454812be2a0f31d	RETAIN_BRANCH_HISTORY_OWNER_COORDINATION_ONLY
origin/main@acc469312c8366e4b0438e702a5f435779e7a125	药衡智析_增量源码交接/team_internal/05_原型/tests/e2e_report_artifact.mjs	3279	58b19d2460eb846296661a0ac50b04ab13626ac4	RETAIN_BRANCH_HISTORY_OWNER_COORDINATION_ONLY
origin/main@acc469312c8366e4b0438e702a5f435779e7a125	药衡智析_增量源码交接/team_internal/05_原型/tests/e2e_windows.mjs	3229	96f06be71216e6794be0881bf1f3bf86ca4dedc8	RETAIN_BRANCH_HISTORY_OWNER_COORDINATION_ONLY
origin/main@acc469312c8366e4b0438e702a5f435779e7a125	药衡智析_增量源码交接/team_internal/05_原型/tests/test_actions.py	6295	b5f20bb6489bce93a31eb783a6184bf90c8fb0e9	RETAIN_BRANCH_HISTORY_OWNER_COORDINATION_ONLY
origin/main@acc469312c8366e4b0438e702a5f435779e7a125	药衡智析_增量源码交接/team_internal/05_原型/tests/test_concurrency.py	1334	1c053cdb9c539d703ef3994eddc65f4ef83a3d78	RETAIN_BRANCH_HISTORY_OWNER_COORDINATION_ONLY
origin/main@acc469312c8366e4b0438e702a5f435779e7a125	药衡智析_增量源码交接/team_internal/05_原型/tests/test_incremental_reports.py	1355	746ba9f58940498a473051f989cda3c9088e0344	RETAIN_BRANCH_HISTORY_OWNER_COORDINATION_ONLY
origin/main@acc469312c8366e4b0438e702a5f435779e7a125	药衡智析_增量源码交接/team_internal/05_原型/tests/test_ingestion.py	2300	5b65c09b2c085b26765c0ec9a9ef805d754321ac	RETAIN_BRANCH_HISTORY_OWNER_COORDINATION_ONLY
origin/main@acc469312c8366e4b0438e702a5f435779e7a125	药衡智析_增量源码交接/team_internal/05_原型/tests/test_knowledge.py	994	0be67cdca0fedbf347b5a17bdffbbc748a052bec	RETAIN_BRANCH_HISTORY_OWNER_COORDINATION_ONLY
origin/main@acc469312c8366e4b0438e702a5f435779e7a125	药衡智析_增量源码交接/team_internal/05_原型/tests/test_metrics.py	8891	a50094068a9e36e68fcfdc7946bebb16bab45897	RETAIN_BRANCH_HISTORY_OWNER_COORDINATION_ONLY
origin/main@acc469312c8366e4b0438e702a5f435779e7a125	药衡智析_增量源码交接/team_internal/05_原型/tests/test_narrative.py	7547	c41ed247ac294523c8894f6621eab3de4ff794b6	RETAIN_BRANCH_HISTORY_OWNER_COORDINATION_ONLY
origin/main@acc469312c8366e4b0438e702a5f435779e7a125	药衡智析_增量源码交接/team_internal/05_原型/tests/test_recovery.py	1367	32c30e013ff2e18aea40242501f388681a04a813	RETAIN_BRANCH_HISTORY_OWNER_COORDINATION_ONLY
origin/main@acc469312c8366e4b0438e702a5f435779e7a125	药衡智析_增量源码交接/team_internal/05_原型/tests/test_reports.py	2563	784941049c16b7cb46536fbdc21798f2c3b2add7	RETAIN_BRANCH_HISTORY_OWNER_COORDINATION_ONLY
origin/main@acc469312c8366e4b0438e702a5f435779e7a125	药衡智析_增量源码交接/team_internal/05_原型/tests/test_retrieval_incremental.py	11009	4e58548bb07ca07f30c9d509fa7f1e0fc731ed1a	RETAIN_BRANCH_HISTORY_OWNER_COORDINATION_ONLY
origin/main@acc469312c8366e4b0438e702a5f435779e7a125	药衡智析_增量源码交接/team_internal/06_评测/dual_model/baseline/visual/V0/result.json	5161	edd552c3e46a49e0a139e8b900dd805d3e34e48c	RETAIN_BRANCH_HISTORY_OWNER_COORDINATION_ONLY
origin/main@acc469312c8366e4b0438e702a5f435779e7a125	药衡智析_增量源码交接/team_internal/06_评测/dual_model/baseline/visual/V0/review.md	7922	e9755315a34326123f89a59f243046136a8af824	RETAIN_BRANCH_HISTORY_OWNER_COORDINATION_ONLY
origin/main@acc469312c8366e4b0438e702a5f435779e7a125	药衡智析_增量源码交接/team_internal/06_评测/dual_model/baseline/visual/V0_review_handoff_20260917.zip	1275695	392b5cd860fbcfb330ae29c8d8c138b5ac193303	RETAIN_BRANCH_HISTORY_OWNER_COORDINATION_ONLY
origin/main@acc469312c8366e4b0438e702a5f435779e7a125	药衡智析_增量源码交接/team_internal/06_评测/incremental_20260916/browser/1366_benchmark.png	527010	e00974c5e257decdd0f64de8b2bd8c19dd9e145b	RETAIN_BRANCH_HISTORY_OWNER_COORDINATION_ONLY
origin/main@acc469312c8366e4b0438e702a5f435779e7a125	药衡智析_增量源码交接/team_internal/06_评测/incremental_20260916/browser/1366_cost.png	117879	d8bf7552c4d18d7419a3d9289be251bf3f5e4a7e	RETAIN_BRANCH_HISTORY_OWNER_COORDINATION_ONLY
origin/main@acc469312c8366e4b0438e702a5f435779e7a125	药衡智析_增量源码交接/team_internal/06_评测/incremental_20260916/browser/1366_evidence.png	202409	bfe3539dc110d5914704695c89b0f2170ca8753c	RETAIN_BRANCH_HISTORY_OWNER_COORDINATION_ONLY
origin/main@acc469312c8366e4b0438e702a5f435779e7a125	药衡智析_增量源码交接/team_internal/06_评测/incremental_20260916/browser/1366_quarter.png	122206	bd1c25ed696b3a1fa1c974a097e07c3f4a58f05a	RETAIN_BRANCH_HISTORY_OWNER_COORDINATION_ONLY
origin/main@acc469312c8366e4b0438e702a5f435779e7a125	药衡智析_增量源码交接/team_internal/06_评测/incremental_20260916/browser/2026-09-15T18-37-55-798Z_1366_benchmark.png	527010	e00974c5e257decdd0f64de8b2bd8c19dd9e145b	RETAIN_BRANCH_HISTORY_OWNER_COORDINATION_ONLY
origin/main@acc469312c8366e4b0438e702a5f435779e7a125	药衡智析_增量源码交接/team_internal/06_评测/incremental_20260916/browser/2026-09-15T18-37-55-798Z_1366_chart_tooltip.png	121202	5a5d7940cceeb5642bc821e697e85af34649f0c8	RETAIN_BRANCH_HISTORY_OWNER_COORDINATION_ONLY
origin/main@acc469312c8366e4b0438e702a5f435779e7a125	药衡智析_增量源码交接/team_internal/06_评测/incremental_20260916/browser/2026-09-15T18-37-55-798Z_1366_cost.png	117879	d8bf7552c4d18d7419a3d9289be251bf3f5e4a7e	RETAIN_BRANCH_HISTORY_OWNER_COORDINATION_ONLY
origin/main@acc469312c8366e4b0438e702a5f435779e7a125	药衡智析_增量源码交接/team_internal/06_评测/incremental_20260916/browser/2026-09-15T18-37-55-798Z_1366_evidence.png	202415	49b6647fc9e2c291f9a6cd74b8aaf0d8203cc530	RETAIN_BRANCH_HISTORY_OWNER_COORDINATION_ONLY
origin/main@acc469312c8366e4b0438e702a5f435779e7a125	药衡智析_增量源码交接/team_internal/06_评测/incremental_20260916/browser/2026-09-15T18-37-55-798Z_1366_quarter.png	122206	bd1c25ed696b3a1fa1c974a097e07c3f4a58f05a	RETAIN_BRANCH_HISTORY_OWNER_COORDINATION_ONLY
origin/main@acc469312c8366e4b0438e702a5f435779e7a125	药衡智析_增量源码交接/team_internal/06_评测/incremental_20260916/browser/2026-09-15T18-37-55-798Z_failure.png	117896	b3faebf8c3aaa3c536ebdc0ed61be5d6d6a907dd	RETAIN_BRANCH_HISTORY_OWNER_COORDINATION_ONLY
origin/main@acc469312c8366e4b0438e702a5f435779e7a125	药衡智析_增量源码交接/team_internal/06_评测/incremental_20260916/browser/2026-09-15T18-39-27-737Z_failure.png	113928	cb6043d7b079fcf460fb3a589bcbe61bd958a53d	RETAIN_BRANCH_HISTORY_OWNER_COORDINATION_ONLY
origin/main@acc469312c8366e4b0438e702a5f435779e7a125	药衡智析_增量源码交接/team_internal/06_评测/incremental_20260916/browser/2026-09-15T18-40-55-990Z_1366_benchmark.png	527010	e00974c5e257decdd0f64de8b2bd8c19dd9e145b	RETAIN_BRANCH_HISTORY_OWNER_COORDINATION_ONLY
origin/main@acc469312c8366e4b0438e702a5f435779e7a125	药衡智析_增量源码交接/team_internal/06_评测/incremental_20260916/browser/2026-09-15T18-40-55-990Z_1366_chart_tooltip.png	121202	5a5d7940cceeb5642bc821e697e85af34649f0c8	RETAIN_BRANCH_HISTORY_OWNER_COORDINATION_ONLY
origin/main@acc469312c8366e4b0438e702a5f435779e7a125	药衡智析_增量源码交接/team_internal/06_评测/incremental_20260916/browser/2026-09-15T18-40-55-990Z_1366_cost.png	117879	d8bf7552c4d18d7419a3d9289be251bf3f5e4a7e	RETAIN_BRANCH_HISTORY_OWNER_COORDINATION_ONLY
origin/main@acc469312c8366e4b0438e702a5f435779e7a125	药衡智析_增量源码交接/team_internal/06_评测/incremental_20260916/browser/2026-09-15T18-40-55-990Z_1366_evidence.png	202409	bfe3539dc110d5914704695c89b0f2170ca8753c	RETAIN_BRANCH_HISTORY_OWNER_COORDINATION_ONLY
origin/main@acc469312c8366e4b0438e702a5f435779e7a125	药衡智析_增量源码交接/team_internal/06_评测/incremental_20260916/browser/2026-09-15T18-40-55-990Z_1366_quarter.png	122206	bd1c25ed696b3a1fa1c974a097e07c3f4a58f05a	RETAIN_BRANCH_HISTORY_OWNER_COORDINATION_ONLY
origin/main@acc469312c8366e4b0438e702a5f435779e7a125	药衡智析_增量源码交接/team_internal/06_评测/incremental_20260916/browser/2026-09-15T18-40-55-990Z_failure.png	110133	08f0a431ae925272013103d58a051f2c3d100434	RETAIN_BRANCH_HISTORY_OWNER_COORDINATION_ONLY
origin/main@acc469312c8366e4b0438e702a5f435779e7a125	药衡智析_增量源码交接/team_internal/06_评测/incremental_20260916/browser/2026-09-15T18-41-42-893Z_1366_acceptance.png	112547	cdfd209efd63ece463e2559942c66090e921fc3e	RETAIN_BRANCH_HISTORY_OWNER_COORDINATION_ONLY
origin/main@acc469312c8366e4b0438e702a5f435779e7a125	药衡智析_增量源码交接/team_internal/06_评测/incremental_20260916/browser/2026-09-15T18-41-42-893Z_1366_action_draft.png	128746	457e25b456712b87758e5a360e110bd910e3730f	RETAIN_BRANCH_HISTORY_OWNER_COORDINATION_ONLY
origin/main@acc469312c8366e4b0438e702a5f435779e7a125	药衡智析_增量源码交接/team_internal/06_评测/incremental_20260916/browser/2026-09-15T18-41-42-893Z_1366_benchmark.png	527010	e00974c5e257decdd0f64de8b2bd8c19dd9e145b	RETAIN_BRANCH_HISTORY_OWNER_COORDINATION_ONLY
origin/main@acc469312c8366e4b0438e702a5f435779e7a125	药衡智析_增量源码交接/team_internal/06_评测/incremental_20260916/browser/2026-09-15T18-41-42-893Z_1366_chart_tooltip.png	121258	c37ad432d2ac13966c0570b3ed81c86f158385bd	RETAIN_BRANCH_HISTORY_OWNER_COORDINATION_ONLY
origin/main@acc469312c8366e4b0438e702a5f435779e7a125	药衡智析_增量源码交接/team_internal/06_评测/incremental_20260916/browser/2026-09-15T18-41-42-893Z_1366_controlled_failure.png	69439	779d9d68893e6482a787363a32a8e504dc1c2c0c	RETAIN_BRANCH_HISTORY_OWNER_COORDINATION_ONLY
origin/main@acc469312c8366e4b0438e702a5f435779e7a125	药衡智析_增量源码交接/team_internal/06_评测/incremental_20260916/browser/2026-09-15T18-41-42-893Z_1366_cost.png	117933	b9a143ce4df5cc963ac738e87576247a04c0367b	RETAIN_BRANCH_HISTORY_OWNER_COORDINATION_ONLY
origin/main@acc469312c8366e4b0438e702a5f435779e7a125	药衡智析_增量源码交接/team_internal/06_评测/incremental_20260916/browser/2026-09-15T18-41-42-893Z_1366_evidence.png	202409	bfe3539dc110d5914704695c89b0f2170ca8753c	RETAIN_BRANCH_HISTORY_OWNER_COORDINATION_ONLY
origin/main@acc469312c8366e4b0438e702a5f435779e7a125	药衡智析_增量源码交接/team_internal/06_评测/incremental_20260916/browser/2026-09-15T18-41-42-893Z_1366_quarter.png	122206	bd1c25ed696b3a1fa1c974a097e07c3f4a58f05a	RETAIN_BRANCH_HISTORY_OWNER_COORDINATION_ONLY
origin/main@acc469312c8366e4b0438e702a5f435779e7a125	药衡智析_增量源码交接/team_internal/06_评测/incremental_20260916/browser/2026-09-15T18-41-42-893Z_1920_cost.png	139598	e1904917cb549b55bed72df117d237b491ab42b3	RETAIN_BRANCH_HISTORY_OWNER_COORDINATION_ONLY
origin/main@acc469312c8366e4b0438e702a5f435779e7a125	药衡智析_增量源码交接/team_internal/06_评测/incremental_20260916/browser/2026-09-15T18-41-42-893Z_390_cost.png	54847	852648589e163bcad8239e2637527140b28635c0	RETAIN_BRANCH_HISTORY_OWNER_COORDINATION_ONLY
origin/main@acc469312c8366e4b0438e702a5f435779e7a125	药衡智析_增量源码交接/team_internal/06_评测/incremental_20260916/browser/2026-09-15T18-43-17-122Z_1366_acceptance.png	110483	585c5b4a52fe3455689fc2c16f9c4efad4fe3dcc	RETAIN_BRANCH_HISTORY_OWNER_COORDINATION_ONLY
origin/main@acc469312c8366e4b0438e702a5f435779e7a125	药衡智析_增量源码交接/team_internal/06_评测/incremental_20260916/browser/2026-09-15T18-43-17-122Z_1366_action_draft.png	138234	7293ae9c8664f84e3754110afaaf8e1bd47fbb3b	RETAIN_BRANCH_HISTORY_OWNER_COORDINATION_ONLY
origin/main@acc469312c8366e4b0438e702a5f435779e7a125	药衡智析_增量源码交接/team_internal/06_评测/incremental_20260916/browser/2026-09-15T18-43-17-122Z_1366_benchmark.png	526028	067a38b798707118b7dabf679ab37e88139a1f1b	RETAIN_BRANCH_HISTORY_OWNER_COORDINATION_ONLY
origin/main@acc469312c8366e4b0438e702a5f435779e7a125	药衡智析_增量源码交接/team_internal/06_评测/incremental_20260916/browser/2026-09-15T18-43-17-122Z_1366_chart_tooltip.png	121202	5a5d7940cceeb5642bc821e697e85af34649f0c8	RETAIN_BRANCH_HISTORY_OWNER_COORDINATION_ONLY
origin/main@acc469312c8366e4b0438e702a5f435779e7a125	药衡智析_增量源码交接/team_internal/06_评测/incremental_20260916/browser/2026-09-15T18-43-17-122Z_1366_controlled_failure.png	69439	779d9d68893e6482a787363a32a8e504dc1c2c0c	RETAIN_BRANCH_HISTORY_OWNER_COORDINATION_ONLY
origin/main@acc469312c8366e4b0438e702a5f435779e7a125	药衡智析_增量源码交接/team_internal/06_评测/incremental_20260916/browser/2026-09-15T18-43-17-122Z_1366_cost.png	117879	d8bf7552c4d18d7419a3d9289be251bf3f5e4a7e	RETAIN_BRANCH_HISTORY_OWNER_COORDINATION_ONLY
origin/main@acc469312c8366e4b0438e702a5f435779e7a125	药衡智析_增量源码交接/team_internal/06_评测/incremental_20260916/browser/2026-09-15T18-43-17-122Z_1366_evidence.png	199289	c0baccf6ffaee8c880ae368833efb195ff5e0f79	RETAIN_BRANCH_HISTORY_OWNER_COORDINATION_ONLY
origin/main@acc469312c8366e4b0438e702a5f435779e7a125	药衡智析_增量源码交接/team_internal/06_评测/incremental_20260916/browser/2026-09-15T18-43-17-122Z_1366_quarter.png	122206	bd1c25ed696b3a1fa1c974a097e07c3f4a58f05a	RETAIN_BRANCH_HISTORY_OWNER_COORDINATION_ONLY
origin/main@acc469312c8366e4b0438e702a5f435779e7a125	药衡智析_增量源码交接/team_internal/06_评测/incremental_20260916/browser/2026-09-15T18-43-17-122Z_1920_cost.png	139607	d6bb600a57cfbc34097af60c3224753254779ac8	RETAIN_BRANCH_HISTORY_OWNER_COORDINATION_ONLY
origin/main@acc469312c8366e4b0438e702a5f435779e7a125	药衡智析_增量源码交接/team_internal/06_评测/incremental_20260916/browser/2026-09-15T18-43-17-122Z_390_cost.png	54852	c9ba0560f24f67ef85d733206b196b9c365e0062	RETAIN_BRANCH_HISTORY_OWNER_COORDINATION_ONLY
origin/main@acc469312c8366e4b0438e702a5f435779e7a125	药衡智析_增量源码交接/team_internal/06_评测/incremental_20260916/browser/2026-09-15T18-45-08-456Z_1366_benchmark.png	526028	067a38b798707118b7dabf679ab37e88139a1f1b	RETAIN_BRANCH_HISTORY_OWNER_COORDINATION_ONLY
origin/main@acc469312c8366e4b0438e702a5f435779e7a125	药衡智析_增量源码交接/team_internal/06_评测/incremental_20260916/browser/2026-09-15T18-45-08-456Z_1366_chart_tooltip.png	121202	5a5d7940cceeb5642bc821e697e85af34649f0c8	RETAIN_BRANCH_HISTORY_OWNER_COORDINATION_ONLY
origin/main@acc469312c8366e4b0438e702a5f435779e7a125	药衡智析_增量源码交接/team_internal/06_评测/incremental_20260916/browser/2026-09-15T18-45-08-456Z_1366_cost.png	117879	d8bf7552c4d18d7419a3d9289be251bf3f5e4a7e	RETAIN_BRANCH_HISTORY_OWNER_COORDINATION_ONLY
origin/main@acc469312c8366e4b0438e702a5f435779e7a125	药衡智析_增量源码交接/team_internal/06_评测/incremental_20260916/browser/2026-09-15T18-45-08-456Z_1366_evidence.png	199289	c0baccf6ffaee8c880ae368833efb195ff5e0f79	RETAIN_BRANCH_HISTORY_OWNER_COORDINATION_ONLY
origin/main@acc469312c8366e4b0438e702a5f435779e7a125	药衡智析_增量源码交接/team_internal/06_评测/incremental_20260916/browser/2026-09-15T18-45-08-456Z_1366_quarter.png	122206	bd1c25ed696b3a1fa1c974a097e07c3f4a58f05a	RETAIN_BRANCH_HISTORY_OWNER_COORDINATION_ONLY
origin/main@acc469312c8366e4b0438e702a5f435779e7a125	药衡智析_增量源码交接/team_internal/06_评测/incremental_20260916/browser/2026-09-15T18-45-08-456Z_failure.png	134938	c0244650406d0015d29eb21a157ffcfba5ae619f	RETAIN_BRANCH_HISTORY_OWNER_COORDINATION_ONLY
origin/main@acc469312c8366e4b0438e702a5f435779e7a125	药衡智析_增量源码交接/team_internal/06_评测/incremental_20260916/browser/2026-09-15T18-48-47-842Z_1366_acceptance.png	110545	8076b12282c9957d95ccea9fa6717629fa9f3a68	RETAIN_BRANCH_HISTORY_OWNER_COORDINATION_ONLY
origin/main@acc469312c8366e4b0438e702a5f435779e7a125	药衡智析_增量源码交接/team_internal/06_评测/incremental_20260916/browser/2026-09-15T18-48-47-842Z_1366_action_draft.png	160936	024386d018a1747326c257b0a7aa621e4887c127	RETAIN_BRANCH_HISTORY_OWNER_COORDINATION_ONLY
origin/main@acc469312c8366e4b0438e702a5f435779e7a125	药衡智析_增量源码交接/team_internal/06_评测/incremental_20260916/browser/2026-09-15T18-48-47-842Z_1366_benchmark.png	526028	067a38b798707118b7dabf679ab37e88139a1f1b	RETAIN_BRANCH_HISTORY_OWNER_COORDINATION_ONLY
origin/main@acc469312c8366e4b0438e702a5f435779e7a125	药衡智析_增量源码交接/team_internal/06_评测/incremental_20260916/browser/2026-09-15T18-48-47-842Z_1366_chart_tooltip.png	121258	c37ad432d2ac13966c0570b3ed81c86f158385bd	RETAIN_BRANCH_HISTORY_OWNER_COORDINATION_ONLY
origin/main@acc469312c8366e4b0438e702a5f435779e7a125	药衡智析_增量源码交接/team_internal/06_评测/incremental_20260916/browser/2026-09-15T18-48-47-842Z_1366_controlled_failure.png	69641	0c1e4bf281673620e5ef507bbb45f7c8f8f59ebc	RETAIN_BRANCH_HISTORY_OWNER_COORDINATION_ONLY
origin/main@acc469312c8366e4b0438e702a5f435779e7a125	药衡智析_增量源码交接/team_internal/06_评测/incremental_20260916/browser/2026-09-15T18-48-47-842Z_1366_cost.png	117933	b9a143ce4df5cc963ac738e87576247a04c0367b	RETAIN_BRANCH_HISTORY_OWNER_COORDINATION_ONLY
origin/main@acc469312c8366e4b0438e702a5f435779e7a125	药衡智析_增量源码交接/team_internal/06_评测/incremental_20260916/browser/2026-09-15T18-48-47-842Z_1366_evidence.png	199289	c0baccf6ffaee8c880ae368833efb195ff5e0f79	RETAIN_BRANCH_HISTORY_OWNER_COORDINATION_ONLY
origin/main@acc469312c8366e4b0438e702a5f435779e7a125	药衡智析_增量源码交接/team_internal/06_评测/incremental_20260916/browser/2026-09-15T18-48-47-842Z_1366_quarter.png	122206	bd1c25ed696b3a1fa1c974a097e07c3f4a58f05a	RETAIN_BRANCH_HISTORY_OWNER_COORDINATION_ONLY
origin/main@acc469312c8366e4b0438e702a5f435779e7a125	药衡智析_增量源码交接/team_internal/06_评测/incremental_20260916/browser/2026-09-15T18-48-47-842Z_1920_cost.png	139598	e1904917cb549b55bed72df117d237b491ab42b3	RETAIN_BRANCH_HISTORY_OWNER_COORDINATION_ONLY
origin/main@acc469312c8366e4b0438e702a5f435779e7a125	药衡智析_增量源码交接/team_internal/06_评测/incremental_20260916/browser/2026-09-15T18-48-47-842Z_390_cost.png	54847	852648589e163bcad8239e2637527140b28635c0	RETAIN_BRANCH_HISTORY_OWNER_COORDINATION_ONLY
origin/main@acc469312c8366e4b0438e702a5f435779e7a125	药衡智析_增量源码交接/team_internal/06_评测/incremental_20260916/browser/README.md	5877	3537e1a75af1b770371c3fd966c1097ed1e6cf8a	RETAIN_BRANCH_HISTORY_OWNER_COORDINATION_ONLY
origin/main@acc469312c8366e4b0438e702a5f435779e7a125	药衡智析_增量源码交接/team_internal/06_评测/incremental_20260916/browser/browser_trace.zip	8203454	cd1b5770c6f8ac8c002a648d0a889401a2b235d5	RETAIN_BRANCH_HISTORY_OWNER_COORDINATION_ONLY
origin/main@acc469312c8366e4b0438e702a5f435779e7a125	药衡智析_增量源码交接/team_internal/06_评测/incremental_20260916/browser/downloaded_machine_audit.json	187300	3ddff41f444e535c8d21f21d7c381a6868d645e5	RETAIN_BRANCH_HISTORY_OWNER_COORDINATION_ONLY
origin/main@acc469312c8366e4b0438e702a5f435779e7a125	药衡智析_增量源码交接/team_internal/06_评测/incremental_20260916/browser/downloaded_report.docx	151027	932a4f1166f242d557dba22d9256506340eee91e	RETAIN_BRANCH_HISTORY_OWNER_COORDINATION_ONLY
origin/main@acc469312c8366e4b0438e702a5f435779e7a125	药衡智析_增量源码交接/team_internal/06_评测/incremental_20260916/browser/downloaded_report.pdf	482311	f75a99db7893cf89b337dd2ae4958b2110909852	RETAIN_BRANCH_HISTORY_OWNER_COORDINATION_ONLY
origin/main@acc469312c8366e4b0438e702a5f435779e7a125	药衡智析_增量源码交接/team_internal/06_评测/incremental_20260916/browser/failure.png	116085	566e843781330ca6861cc0ddb446f12083a9d41b	RETAIN_BRANCH_HISTORY_OWNER_COORDINATION_ONLY
origin/main@acc469312c8366e4b0438e702a5f435779e7a125	药衡智析_增量源码交接/team_internal/06_评测/incremental_20260916/browser/frontend_manifest.json	1393	51611b6b2ed9da7dbad71c77f17a91310c5b206b	RETAIN_BRANCH_HISTORY_OWNER_COORDINATION_ONLY
origin/main@acc469312c8366e4b0438e702a5f435779e7a125	药衡智析_增量源码交接/team_internal/06_评测/incremental_20260916/browser/history.jsonl	40323	a78d0609dfe172681b3e4eebbcc112f2b9df6745	RETAIN_BRANCH_HISTORY_OWNER_COORDINATION_ONLY
origin/main@acc469312c8366e4b0438e702a5f435779e7a125	药衡智析_增量源码交接/team_internal/06_评测/incremental_20260916/browser/results.json	7700	0b9c01c5b48d1024c9c0291cb3a06887d5bee46c	RETAIN_BRANCH_HISTORY_OWNER_COORDINATION_ONLY
origin/main@acc469312c8366e4b0438e702a5f435779e7a125	药衡智析_增量源码交接/team_internal/06_评测/incremental_20260916/data/DATA_CONTRACT.md	3988	a9df6fed478670036a27952e9fee8937353a1dd3	RETAIN_BRANCH_HISTORY_OWNER_COORDINATION_ONLY
origin/main@acc469312c8366e4b0438e702a5f435779e7a125	药衡智析_增量源码交接/team_internal/06_评测/incremental_20260916/data/benchmark_green.txt	113	217d0b5fd2e232818fe42cbb4d23c7a72058b67a	RETAIN_BRANCH_HISTORY_OWNER_COORDINATION_ONLY
origin/main@acc469312c8366e4b0438e702a5f435779e7a125	药衡智析_增量源码交接/team_internal/06_评测/incremental_20260916/data/benchmark_red.txt	1008	9b583357a516fc4960456b67c794b9b2b9620ed1	RETAIN_BRANCH_HISTORY_OWNER_COORDINATION_ONLY
origin/main@acc469312c8366e4b0438e702a5f435779e7a125	药衡智析_增量源码交接/team_internal/06_评测/incremental_20260916/data/check_independent_golden.py	5812	ca5452ac8496716c087a59e54c4662407e2aadca	RETAIN_BRANCH_HISTORY_OWNER_COORDINATION_ONLY
origin/main@acc469312c8366e4b0438e702a5f435779e7a125	药衡智析_增量源码交接/team_internal/06_评测/incremental_20260916/data/comparisons_green.txt	113	9708b411eccc53da8d8c967426f9a62fe5f0bb23	RETAIN_BRANCH_HISTORY_OWNER_COORDINATION_ONLY
origin/main@acc469312c8366e4b0438e702a5f435779e7a125	药衡智析_增量源码交接/team_internal/06_评测/incremental_20260916/data/comparisons_red.txt	4665	59c39cca2e97580d0a16464e59e5aa105a1ecd3a	RETAIN_BRANCH_HISTORY_OWNER_COORDINATION_ONLY
origin/main@acc469312c8366e4b0438e702a5f435779e7a125	药衡智析_增量源码交接/team_internal/06_评测/incremental_20260916/data/comparisons_red_actual.txt	1501	81a225a893b51ce8b8bcfdfd46f56edce0b2eea8	RETAIN_BRANCH_HISTORY_OWNER_COORDINATION_ONLY
origin/main@acc469312c8366e4b0438e702a5f435779e7a125	药衡智析_增量源码交接/team_internal/06_评测/incremental_20260916/data/data_regression.txt	99	610044ccb7239f365421de6f38729d45fc23a8e3	RETAIN_BRANCH_HISTORY_OWNER_COORDINATION_ONLY
origin/main@acc469312c8366e4b0438e702a5f435779e7a125	药衡智析_增量源码交接/team_internal/06_评测/incremental_20260916/data/data_regression_final.txt	99	7eea1247bb0642288064849aaa14a4c8414ac16d	RETAIN_BRANCH_HISTORY_OWNER_COORDINATION_ONLY
origin/main@acc469312c8366e4b0438e702a5f435779e7a125	药衡智析_增量源码交接/team_internal/06_评测/incremental_20260916/data/history/report_independent_audit_release_5b1518ce9db2094a.json	175151	435085d23684b36c3e69458e68ccb0aa793716f5	RETAIN_BRANCH_HISTORY_OWNER_COORDINATION_ONLY
origin/main@acc469312c8366e4b0438e702a5f435779e7a125	药衡智析_增量源码交接/team_internal/06_评测/incremental_20260916/data/independent_golden_result.json	1180685	a431922a3bdbf393fc214514307bd3285e6e6440	RETAIN_BRANCH_HISTORY_OWNER_COORDINATION_ONLY
origin/main@acc469312c8366e4b0438e702a5f435779e7a125	药衡智析_增量源码交接/team_internal/06_评测/incremental_20260916/data/independent_golden_run.txt	374	81fd9cd828c3603303ca9009d6e59528dbd7d409	RETAIN_BRANCH_HISTORY_OWNER_COORDINATION_ONLY
origin/main@acc469312c8366e4b0438e702a5f435779e7a125	药衡智析_增量源码交接/team_internal/06_评测/incremental_20260916/data/material_provenance_red.txt	1689	f57c2ecc48d7b20911b6c77fa2c665a1d43f197c	RETAIN_BRANCH_HISTORY_OWNER_COORDINATION_ONLY
origin/main@acc469312c8366e4b0438e702a5f435779e7a125	药衡智析_增量源码交接/team_internal/06_评测/incremental_20260916/data/materials_green.txt	113	cb060d51b63bfe24bfd9065e678a90befe7d45fd	RETAIN_BRANCH_HISTORY_OWNER_COORDINATION_ONLY
origin/main@acc469312c8366e4b0438e702a5f435779e7a125	药衡智析_增量源码交接/team_internal/06_评测/incremental_20260916/data/materials_red.txt	1542	754b8fcbf473b69ff95a075bd00e5a66d8856fa6	RETAIN_BRANCH_HISTORY_OWNER_COORDINATION_ONLY
origin/main@acc469312c8366e4b0438e702a5f435779e7a125	药衡智析_增量源码交接/team_internal/06_评测/incremental_20260916/data/report_independent_audit.json	175152	faf6014b3023e0c0836ffc18fdad5ab699d982b8	RETAIN_BRANCH_HISTORY_OWNER_COORDINATION_ONLY
origin/main@acc469312c8366e4b0438e702a5f435779e7a125	药衡智析_增量源码交接/team_internal/06_评测/incremental_20260916/data/report_independent_audit.py	12498	a0ed429d4454ac75845e50387392155d68f00875	RETAIN_BRANCH_HISTORY_OWNER_COORDINATION_ONLY
origin/main@acc469312c8366e4b0438e702a5f435779e7a125	药衡智析_增量源码交接/team_internal/06_评测/incremental_20260916/data/report_independent_audit_page_boundary_attempt.json	175303	0c2e17838e2cfe77b91b63f8ea575efe1f9880e9	RETAIN_BRANCH_HISTORY_OWNER_COORDINATION_ONLY
origin/main@acc469312c8366e4b0438e702a5f435779e7a125	药衡智析_增量源码交接/team_internal/06_评测/incremental_20260916/data/source_sha256.txt	330	541a3694b9f6bfa6733dfd3b4e0a986746b5aaba	RETAIN_BRANCH_HISTORY_OWNER_COORDINATION_ONLY
origin/main@acc469312c8366e4b0438e702a5f435779e7a125	药衡智析_增量源码交接/team_internal/06_评测/incremental_20260916/dependency_check.json	1320	c41d84c6be63e2b11cc979cabee305703ff116b9	RETAIN_BRANCH_HISTORY_OWNER_COORDINATION_ONLY
origin/main@acc469312c8366e4b0438e702a5f435779e7a125	药衡智析_增量源码交接/team_internal/06_评测/incremental_20260916/encoding_originals_audit.json	14517	df86598b5ac6ab426b380a8613f6d5c69f25da21	RETAIN_BRANCH_HISTORY_OWNER_COORDINATION_ONLY
origin/main@acc469312c8366e4b0438e702a5f435779e7a125	药衡智析_增量源码交接/team_internal/06_评测/incremental_20260916/environment.json	774	f0646eda316fc05eed06df8ddc5efece0cb72b21	RETAIN_BRANCH_HISTORY_OWNER_COORDINATION_ONLY
origin/main@acc469312c8366e4b0438e702a5f435779e7a125	药衡智析_增量源码交接/team_internal/06_评测/incremental_20260916/glm_probe.json	967	92cf161d5f49f57d3981fdce7875c9a42a1ee917	RETAIN_BRANCH_HISTORY_OWNER_COORDINATION_ONLY
origin/main@acc469312c8366e4b0438e702a5f435779e7a125	药衡智析_增量源码交接/team_internal/06_评测/incremental_20260916/history/environment_failures.md	358	969d499d516d83bcd54b7c86faab3b592bcefe2d	RETAIN_BRANCH_HISTORY_OWNER_COORDINATION_ONLY
origin/main@acc469312c8366e4b0438e702a5f435779e7a125	药衡智析_增量源码交接/team_internal/06_评测/incremental_20260916/history/implementation_status_before.md	2852	c3bfae92b72284266f55d0245e0f6b2a6fcf291e	RETAIN_BRANCH_HISTORY_OWNER_COORDINATION_ONLY
origin/main@acc469312c8366e4b0438e702a5f435779e7a125	药衡智析_增量源码交接/team_internal/06_评测/incremental_20260916/history/pre_final_pagination/manifest.json	9343	9527cbaf5226d249e4a72e879abe59f26594dca7	RETAIN_BRANCH_HISTORY_OWNER_COORDINATION_ONLY
origin/main@acc469312c8366e4b0438e702a5f435779e7a125	药衡智析_增量源码交接/team_internal/06_评测/incremental_20260916/history/pre_final_pagination/scenario_reports_delivery.json	41458	b7d6993be743586c7aaf90bb375f218585aafcc6	RETAIN_BRANCH_HISTORY_OWNER_COORDINATION_ONLY
origin/main@acc469312c8366e4b0438e702a5f435779e7a125	药衡智析_增量源码交接/team_internal/06_评测/incremental_20260916/history/unpack_before_final_freeze.json	1792	f44d13953e70b2c2cc39ee5b2d2f3a74e2350cd5	RETAIN_BRANCH_HISTORY_OWNER_COORDINATION_ONLY
origin/main@acc469312c8366e4b0438e702a5f435779e7a125	药衡智析_增量源码交接/team_internal/06_评测/incremental_20260916/history/verification_before_final.json	44329	6b2936ddb2e1179b6b79931c0666f53e0ab21bf0	RETAIN_BRANCH_HISTORY_OWNER_COORDINATION_ONLY
origin/main@acc469312c8366e4b0438e702a5f435779e7a125	药衡智析_增量源码交接/team_internal/06_评测/incremental_20260916/pages_delivery/Q2/page-01.png	192968	72458b7bc9450775ce895bb4d8d668d06c8cf4ff	RETAIN_BRANCH_HISTORY_OWNER_COORDINATION_ONLY
origin/main@acc469312c8366e4b0438e702a5f435779e7a125	药衡智析_增量源码交接/team_internal/06_评测/incremental_20260916/pages_delivery/Q2/page-02.png	183274	b2e0a19615703db6a5f6165281fc27d02a9ad2fa	RETAIN_BRANCH_HISTORY_OWNER_COORDINATION_ONLY
origin/main@acc469312c8366e4b0438e702a5f435779e7a125	药衡智析_增量源码交接/team_internal/06_评测/incremental_20260916/pages_delivery/Q2/page-03.png	315901	a451725a50553123839d2e5a5804a700a5356dee	RETAIN_BRANCH_HISTORY_OWNER_COORDINATION_ONLY
origin/main@acc469312c8366e4b0438e702a5f435779e7a125	药衡智析_增量源码交接/team_internal/06_评测/incremental_20260916/pages_delivery/Q2/page-04.png	185196	7bf1e5d2ad5424487330c1d88f4c3a858fab5dd2	RETAIN_BRANCH_HISTORY_OWNER_COORDINATION_ONLY
origin/main@acc469312c8366e4b0438e702a5f435779e7a125	药衡智析_增量源码交接/team_internal/06_评测/incremental_20260916/pages_delivery/Q2/page-05.png	249031	d8fdd43c256958ad0c726f55e8556f7b008fd253	RETAIN_BRANCH_HISTORY_OWNER_COORDINATION_ONLY
origin/main@acc469312c8366e4b0438e702a5f435779e7a125	药衡智析_增量源码交接/team_internal/06_评测/incremental_20260916/pages_delivery/Q2/page-06.png	288478	3b92804720b00f6170fea2eb097f359ee0a50723	RETAIN_BRANCH_HISTORY_OWNER_COORDINATION_ONLY
origin/main@acc469312c8366e4b0438e702a5f435779e7a125	药衡智析_增量源码交接/team_internal/06_评测/incremental_20260916/pages_delivery/S1/page-01.png	187445	7b14343a8ba3913cf1271813a6f8a926b4d5db82	RETAIN_BRANCH_HISTORY_OWNER_COORDINATION_ONLY
origin/main@acc469312c8366e4b0438e702a5f435779e7a125	药衡智析_增量源码交接/team_internal/06_评测/incremental_20260916/pages_delivery/S1/page-02.png	149791	8620f4390565269cb3d907b497c185011a7597a2	RETAIN_BRANCH_HISTORY_OWNER_COORDINATION_ONLY
origin/main@acc469312c8366e4b0438e702a5f435779e7a125	药衡智析_增量源码交接/team_internal/06_评测/incremental_20260916/pages_delivery/S1/page-03.png	286141	b1c284c486a731d2425f9c0dd38725ab57c8216c	RETAIN_BRANCH_HISTORY_OWNER_COORDINATION_ONLY
origin/main@acc469312c8366e4b0438e702a5f435779e7a125	药衡智析_增量源码交接/team_internal/06_评测/incremental_20260916/pages_delivery/S1/page-04.png	156418	53c63f5abff15df2ec92851eef39313849e1e5a5	RETAIN_BRANCH_HISTORY_OWNER_COORDINATION_ONLY
origin/main@acc469312c8366e4b0438e702a5f435779e7a125	药衡智析_增量源码交接/team_internal/06_评测/incremental_20260916/pages_delivery/S1/page-05.png	247606	d93c44ed08dae6cb0b7cfd3b8a56f37e4f0d5482	RETAIN_BRANCH_HISTORY_OWNER_COORDINATION_ONLY
origin/main@acc469312c8366e4b0438e702a5f435779e7a125	药衡智析_增量源码交接/team_internal/06_评测/incremental_20260916/pages_delivery/S1/page-06.png	288441	4ae7c2eb1c28551e8052f097448f9b5d8db97e57	RETAIN_BRANCH_HISTORY_OWNER_COORDINATION_ONLY
origin/main@acc469312c8366e4b0438e702a5f435779e7a125	药衡智析_增量源码交接/team_internal/06_评测/incremental_20260916/pages_delivery/S2/page-01.png	188290	e0c12b76b846f52c17e4fbf09eb7e08a448f1db9	RETAIN_BRANCH_HISTORY_OWNER_COORDINATION_ONLY
origin/main@acc469312c8366e4b0438e702a5f435779e7a125	药衡智析_增量源码交接/team_internal/06_评测/incremental_20260916/pages_delivery/S2/page-02.png	236144	75c07da818f9c51cdfedb0f0470a737a246cd992	RETAIN_BRANCH_HISTORY_OWNER_COORDINATION_ONLY
origin/main@acc469312c8366e4b0438e702a5f435779e7a125	药衡智析_增量源码交接/team_internal/06_评测/incremental_20260916/pages_delivery/S2/page-03.png	254414	1b3823477f7bfe44f71238e44ad79723a3017ca5	RETAIN_BRANCH_HISTORY_OWNER_COORDINATION_ONLY
origin/main@acc469312c8366e4b0438e702a5f435779e7a125	药衡智析_增量源码交接/team_internal/06_评测/incremental_20260916/pages_delivery/S2/page-04.png	234221	031771932c0e5e3e9b5e2ab86864b414ef7fd70e	RETAIN_BRANCH_HISTORY_OWNER_COORDINATION_ONLY
origin/main@acc469312c8366e4b0438e702a5f435779e7a125	药衡智析_增量源码交接/team_internal/06_评测/incremental_20260916/pages_delivery/S2/page-05.png	363621	cee1070cba0e28c88b66e4fbdca1cbff658be1a1	RETAIN_BRANCH_HISTORY_OWNER_COORDINATION_ONLY
origin/main@acc469312c8366e4b0438e702a5f435779e7a125	药衡智析_增量源码交接/team_internal/06_评测/incremental_20260916/pages_delivery/S3/page-01.png	192372	ede886ef7f4827e49eb29ddb552fd69fabdaf62e	RETAIN_BRANCH_HISTORY_OWNER_COORDINATION_ONLY
origin/main@acc469312c8366e4b0438e702a5f435779e7a125	药衡智析_增量源码交接/team_internal/06_评测/incremental_20260916/pages_delivery/S3/page-02.png	158790	d9312bebb4aede11306868096a6e471b09d03139	RETAIN_BRANCH_HISTORY_OWNER_COORDINATION_ONLY
origin/main@acc469312c8366e4b0438e702a5f435779e7a125	药衡智析_增量源码交接/team_internal/06_评测/incremental_20260916/pages_delivery/S3/page-03.png	252229	67d34bf98198aa8b5922fea816a142a6cf8f7eb7	RETAIN_BRANCH_HISTORY_OWNER_COORDINATION_ONLY
origin/main@acc469312c8366e4b0438e702a5f435779e7a125	药衡智析_增量源码交接/team_internal/06_评测/incremental_20260916/pages_delivery/S3/page-04.png	222855	6a941cc5493df93d02a9ec3b015490c7aac70b6f	RETAIN_BRANCH_HISTORY_OWNER_COORDINATION_ONLY
origin/main@acc469312c8366e4b0438e702a5f435779e7a125	药衡智析_增量源码交接/team_internal/06_评测/incremental_20260916/pages_delivery/S3/page-05.png	249544	51e0aa936f926a02e0883e8cc9c73424d99f89d6	RETAIN_BRANCH_HISTORY_OWNER_COORDINATION_ONLY
origin/main@acc469312c8366e4b0438e702a5f435779e7a125	药衡智析_增量源码交接/team_internal/06_评测/incremental_20260916/pages_delivery/S3/page-06.png	290650	e9f36e825755b65714b74728e9fb056a97eaa910	RETAIN_BRANCH_HISTORY_OWNER_COORDINATION_ONLY
origin/main@acc469312c8366e4b0438e702a5f435779e7a125	药衡智析_增量源码交接/team_internal/06_评测/incremental_20260916/pages_delivery/manifest.json	13437	c6811c109546b40d941fd81625ae1d2df8d2f9e7	RETAIN_BRANCH_HISTORY_OWNER_COORDINATION_ONLY
origin/main@acc469312c8366e4b0438e702a5f435779e7a125	药衡智析_增量源码交接/team_internal/06_评测/incremental_20260916/plan_browser/1366_comparison.png	103173	00404b4705bb726784d74aa390d407a3fd9a0822	RETAIN_BRANCH_HISTORY_OWNER_COORDINATION_ONLY
origin/main@acc469312c8366e4b0438e702a5f435779e7a125	药衡智析_增量源码交接/team_internal/06_评测/incremental_20260916/plan_browser/1366_contribution.png	93552	6bfe7c8eb127958fafed686b339964eb2c6c1552	RETAIN_BRANCH_HISTORY_OWNER_COORDINATION_ONLY
origin/main@acc469312c8366e4b0438e702a5f435779e7a125	药衡智析_增量源码交接/team_internal/06_评测/incremental_20260916/plan_browser/1366_model.png	221066	4288cebe1392b17d7adf4825ba7f79062039839e	RETAIN_BRANCH_HISTORY_OWNER_COORDINATION_ONLY
origin/main@acc469312c8366e4b0438e702a5f435779e7a125	药衡智析_增量源码交接/team_internal/06_评测/incremental_20260916/plan_browser/1366_overview.png	129455	17d13d7bdb484d98828f3a4347b09a82cee287ca	RETAIN_BRANCH_HISTORY_OWNER_COORDINATION_ONLY
origin/main@acc469312c8366e4b0438e702a5f435779e7a125	药衡智析_增量源码交接/team_internal/06_评测/incremental_20260916/plan_browser/1366_requirements.png	144037	23cc965de8a79c8eb1d823e164f3612741f1b7d1	RETAIN_BRANCH_HISTORY_OWNER_COORDINATION_ONLY
origin/main@acc469312c8366e4b0438e702a5f435779e7a125	药衡智析_增量源码交接/team_internal/06_评测/incremental_20260916/plan_browser/1920_comparison.png	165097	20cef7fb424da7c7b8b422729f50a4eee5a300bc	RETAIN_BRANCH_HISTORY_OWNER_COORDINATION_ONLY
origin/main@acc469312c8366e4b0438e702a5f435779e7a125	药衡智析_增量源码交接/team_internal/06_评测/incremental_20260916/plan_browser/1920_contribution.png	136599	0cf8aae4a569530ca4434ca9a3c95bf4ff537a33	RETAIN_BRANCH_HISTORY_OWNER_COORDINATION_ONLY
origin/main@acc469312c8366e4b0438e702a5f435779e7a125	药衡智析_增量源码交接/team_internal/06_评测/incremental_20260916/plan_browser/1920_model.png	289239	96eef66a8a89153532c608dd03b5d6261ef35dfb	RETAIN_BRANCH_HISTORY_OWNER_COORDINATION_ONLY
origin/main@acc469312c8366e4b0438e702a5f435779e7a125	药衡智析_增量源码交接/team_internal/06_评测/incremental_20260916/plan_browser/1920_overview.png	191019	5d6024406a85f3c86b53d2e6474c37e5e63d81e6	RETAIN_BRANCH_HISTORY_OWNER_COORDINATION_ONLY
origin/main@acc469312c8366e4b0438e702a5f435779e7a125	药衡智析_增量源码交接/team_internal/06_评测/incremental_20260916/plan_browser/1920_r26_r28.png	232415	9204bb0580243e4453c6479f45a056705a0e4f37	RETAIN_BRANCH_HISTORY_OWNER_COORDINATION_ONLY
origin/main@acc469312c8366e4b0438e702a5f435779e7a125	药衡智析_增量源码交接/team_internal/06_评测/incremental_20260916/plan_browser/1920_requirements.png	189322	8b7df83ca4768c36d538a520aa5a90bc0277bbd0	RETAIN_BRANCH_HISTORY_OWNER_COORDINATION_ONLY
origin/main@acc469312c8366e4b0438e702a5f435779e7a125	药衡智析_增量源码交接/team_internal/06_评测/incremental_20260916/plan_browser/README.md	1548	6bdbda9ff79bdb9d0f0cc75ba94ff4ef76504f14	RETAIN_BRANCH_HISTORY_OWNER_COORDINATION_ONLY
origin/main@acc469312c8366e4b0438e702a5f435779e7a125	药衡智析_增量源码交接/team_internal/06_评测/incremental_20260916/plan_browser/history.jsonl	31206	7629f2a460922978db584a253b3aea98c2538262	RETAIN_BRANCH_HISTORY_OWNER_COORDINATION_ONLY
origin/main@acc469312c8366e4b0438e702a5f435779e7a125	药衡智析_增量源码交接/team_internal/06_评测/incremental_20260916/plan_browser/manifest.json	222	7192e7090eabdcfa0bbbcbcc8a9b6fc27c1f8d64	RETAIN_BRANCH_HISTORY_OWNER_COORDINATION_ONLY
origin/main@acc469312c8366e4b0438e702a5f435779e7a125	药衡智析_增量源码交接/team_internal/06_评测/incremental_20260916/plan_browser/results.json	11701	342629ba50e6d77969e392ffd4c2e7da6cd5ea31	RETAIN_BRANCH_HISTORY_OWNER_COORDINATION_ONLY
origin/main@acc469312c8366e4b0438e702a5f435779e7a125	药衡智析_增量源码交接/team_internal/06_评测/incremental_20260916/plan_browser/visible_text.txt	19393	fa8b7c66536076b9bb64708c0d0476c22d5b1d28	RETAIN_BRANCH_HISTORY_OWNER_COORDINATION_ONLY
origin/main@acc469312c8366e4b0438e702a5f435779e7a125	药衡智析_增量源码交接/team_internal/06_评测/incremental_20260916/report_artifact_validation.json	1206	8afe788cfed8938e4dfc7cb4c17063a4655861cf	RETAIN_BRANCH_HISTORY_OWNER_COORDINATION_ONLY
origin/main@acc469312c8366e4b0438e702a5f435779e7a125	药衡智析_增量源码交接/team_internal/06_评测/incremental_20260916/retrieval/README.md	5528	710f324a908ea8013c7ef172bb3fd334d7558192	RETAIN_BRANCH_HISTORY_OWNER_COORDINATION_ONLY
origin/main@acc469312c8366e4b0438e702a5f435779e7a125	药衡智析_增量源码交接/team_internal/06_评测/incremental_20260916/retrieval/audit_report_citations.py	7735	239191cff37670a773fd46ab0e7b896849549c63	RETAIN_BRANCH_HISTORY_OWNER_COORDINATION_ONLY
origin/main@acc469312c8366e4b0438e702a5f435779e7a125	药衡智析_增量源码交接/team_internal/06_评测/incremental_20260916/retrieval/final_green.txt	334	9c531c057c55b74f9b72d4a75abdee9c065ec762	RETAIN_BRANCH_HISTORY_OWNER_COORDINATION_ONLY
origin/main@acc469312c8366e4b0438e702a5f435779e7a125	药衡智析_增量源码交接/team_internal/06_评测/incremental_20260916/retrieval/green.txt	231	b978b1ef0487cf48f12239867387dc2c1afb8d6b	RETAIN_BRANCH_HISTORY_OWNER_COORDINATION_ONLY
origin/main@acc469312c8366e4b0438e702a5f435779e7a125	药衡智析_增量源码交接/team_internal/06_评测/incremental_20260916/retrieval/green_initial.txt	2873	a9da32ce82c3cee63f59c194363d194ce0107021	RETAIN_BRANCH_HISTORY_OWNER_COORDINATION_ONLY
origin/main@acc469312c8366e4b0438e702a5f435779e7a125	药衡智析_增量源码交接/team_internal/06_评测/incremental_20260916/retrieval/heading_red.txt	962	1d1f0f931552766b4ec6fb4cfdca5f663e07ec19	RETAIN_BRANCH_HISTORY_OWNER_COORDINATION_ONLY
origin/main@acc469312c8366e4b0438e702a5f435779e7a125	药衡智析_增量源码交接/team_internal/06_评测/incremental_20260916/retrieval/historical_failure_audit.json	1318	52e892317e484c47c2821771c9321696e6f03cd8	RETAIN_BRANCH_HISTORY_OWNER_COORDINATION_ONLY
origin/main@acc469312c8366e4b0438e702a5f435779e7a125	药衡智析_增量源码交接/team_internal/06_评测/incremental_20260916/retrieval/implementation_manifest.json	1831	b33acd4a2983e8747507758256cea9f0bebf83aa	RETAIN_BRANCH_HISTORY_OWNER_COORDINATION_ONLY
origin/main@acc469312c8366e4b0438e702a5f435779e7a125	药衡智析_增量源码交接/team_internal/06_评测/incremental_20260916/retrieval/implementation_manifest_before_portability.json	945	f9084503e4d7fec9151c5e6bce412f565815d279	RETAIN_BRANCH_HISTORY_OWNER_COORDINATION_ONLY
origin/main@acc469312c8366e4b0438e702a5f435779e7a125	药衡智析_增量源码交接/team_internal/06_评测/incremental_20260916/retrieval/portability_green.txt	36	b0d090618ae0f025fcbf0109a8fec4c17e3caa1b	RETAIN_BRANCH_HISTORY_OWNER_COORDINATION_ONLY
origin/main@acc469312c8366e4b0438e702a5f435779e7a125	药衡智析_增量源码交接/team_internal/06_评测/incremental_20260916/retrieval/portability_priority_green.txt	60	abbf9766876287f8a4d00132a58b8c646ed8b8f0	RETAIN_BRANCH_HISTORY_OWNER_COORDINATION_ONLY
origin/main@acc469312c8366e4b0438e702a5f435779e7a125	药衡智析_增量源码交接/team_internal/06_评测/incremental_20260916/retrieval/portability_red.txt	6132	8572a9e969904f77e1127f93d37e27297b3b6c2a	RETAIN_BRANCH_HISTORY_OWNER_COORDINATION_ONLY
origin/main@acc469312c8366e4b0438e702a5f435779e7a125	药衡智析_增量源码交接/team_internal/06_评测/incremental_20260916/retrieval/priority_red.txt	1376	8a1db428a0edd932ef31d11a60e667b16b62afb5	RETAIN_BRANCH_HISTORY_OWNER_COORDINATION_ONLY
origin/main@acc469312c8366e4b0438e702a5f435779e7a125	药衡智析_增量源码交接/team_internal/06_评测/incremental_20260916/retrieval/red.txt	6568	9eb2986a000d819eab6f8ea4c5f0185d67e04a84	RETAIN_BRANCH_HISTORY_OWNER_COORDINATION_ONLY
origin/main@acc469312c8366e4b0438e702a5f435779e7a125	药衡智析_增量源码交接/team_internal/06_评测/incremental_20260916/retrieval/report_citation_audit.json	24816	54013222c05fe88df02d9d1592a74386329c8233	RETAIN_BRANCH_HISTORY_OWNER_COORDINATION_ONLY
origin/main@acc469312c8366e4b0438e702a5f435779e7a125	药衡智析_增量源码交接/team_internal/06_评测/incremental_20260916/retrieval/report_citation_audit_before_delivery.json	23367	5e010fc39f36f481bfd5873c9794809164b24b9f	RETAIN_BRANCH_HISTORY_OWNER_COORDINATION_ONLY
origin/main@acc469312c8366e4b0438e702a5f435779e7a125	药衡智析_增量源码交接/team_internal/06_评测/incremental_20260916/retrieval/retrieval_details.json	80267	86e943cc67ba82fef4d8b46ad2d550c371470fe1	RETAIN_BRANCH_HISTORY_OWNER_COORDINATION_ONLY
origin/main@acc469312c8366e4b0438e702a5f435779e7a125	药衡智析_增量源码交接/team_internal/06_评测/incremental_20260916/retrieval/retrieval_results.json	20473	e29437b2f3f1124e83c5f49e713bd974272d4b18	RETAIN_BRANCH_HISTORY_OWNER_COORDINATION_ONLY
origin/main@acc469312c8366e4b0438e702a5f435779e7a125	药衡智析_增量源码交接/team_internal/06_评测/incremental_20260916/retrieval/s3_event_green.txt	234	aa5cbc729afdf351161bda76374f915676c32724	RETAIN_BRANCH_HISTORY_OWNER_COORDINATION_ONLY
origin/main@acc469312c8366e4b0438e702a5f435779e7a125	药衡智析_增量源码交接/team_internal/06_评测/incremental_20260916/retrieval/s3_event_red.txt	1713	839ab6b45b9e6cd8d89fa62d99030b545f3eb355	RETAIN_BRANCH_HISTORY_OWNER_COORDINATION_ONLY
origin/main@acc469312c8366e4b0438e702a5f435779e7a125	药衡智析_增量源码交接/team_internal/06_评测/incremental_20260916/retrieval/v4_final/README.md	613	40ef9c94e17f8f8808f1c061a4c63c2af9fccde8	RETAIN_BRANCH_HISTORY_OWNER_COORDINATION_ONLY
origin/main@acc469312c8366e4b0438e702a5f435779e7a125	药衡智析_增量源码交接/team_internal/06_评测/incremental_20260916/retrieval/v4_final/negative_case_execution.json	1647	962135f3c06f82b28a82d0162eb4262c71a3b0f3	RETAIN_BRANCH_HISTORY_OWNER_COORDINATION_ONLY
origin/main@acc469312c8366e4b0438e702a5f435779e7a125	药衡智析_增量源码交接/team_internal/06_评测/incremental_20260916/retrieval/v4_final/negative_cases.xml	1786	0a048bd398f9622fcd7665a9903288c08283601c	RETAIN_BRANCH_HISTORY_OWNER_COORDINATION_ONLY
origin/main@acc469312c8366e4b0438e702a5f435779e7a125	药衡智析_增量源码交接/team_internal/06_评测/incremental_20260916/retrieval/v4_final/retrieval_details.json	80253	00412d140061817b9ea5528e235b9376a0c0d701	RETAIN_BRANCH_HISTORY_OWNER_COORDINATION_ONLY
origin/main@acc469312c8366e4b0438e702a5f435779e7a125	药衡智析_增量源码交接/team_internal/06_评测/incremental_20260916/retrieval/v4_final/retrieval_results.json	19978	5c263951cca5bf98fdb1873cda3d7cdd4d6087ab	RETAIN_BRANCH_HISTORY_OWNER_COORDINATION_ONLY
origin/main@acc469312c8366e4b0438e702a5f435779e7a125	药衡智析_增量源码交接/team_internal/06_评测/incremental_20260916/retrieval/worker_query_scope.json	8444	b6ccab4e4c7f537accc879251ed346f2e0e9c062	RETAIN_BRANCH_HISTORY_OWNER_COORDINATION_ONLY
origin/main@acc469312c8366e4b0438e702a5f435779e7a125	药衡智析_增量源码交接/team_internal/06_评测/incremental_20260916/rpa_live.json	935	4a66ac8acd7d3bffb65ab7f00f7864907b4451ea	RETAIN_BRANCH_HISTORY_OWNER_COORDINATION_ONLY
origin/main@acc469312c8366e4b0438e702a5f435779e7a125	药衡智析_增量源码交接/team_internal/06_评测/incremental_20260916/scenario_reports.json	42825	2911cc60aed80bd381aedd27e442ef3e67741ba9	RETAIN_BRANCH_HISTORY_OWNER_COORDINATION_ONLY
origin/main@acc469312c8366e4b0438e702a5f435779e7a125	药衡智析_增量源码交接/team_internal/06_评测/incremental_20260916/scenario_reports_delivery.json	41458	c08896bf0d32099f490c940e3ebb2e11dcdd4d82	RETAIN_BRANCH_HISTORY_OWNER_COORDINATION_ONLY
origin/main@acc469312c8366e4b0438e702a5f435779e7a125	药衡智析_增量源码交接/team_internal/06_评测/incremental_20260916/scenario_reports_final.json	41146	e8da8750579f3c65f0e8bbe7221c33044267b255	RETAIN_BRANCH_HISTORY_OWNER_COORDINATION_ONLY
origin/main@acc469312c8366e4b0438e702a5f435779e7a125	药衡智析_增量源码交接/team_internal/06_评测/incremental_20260916/scenario_reports_release.json	41128	57b5299324aae0aa36c336cec70caea39c758d67	RETAIN_BRANCH_HISTORY_OWNER_COORDINATION_ONLY
origin/main@acc469312c8366e4b0438e702a5f435779e7a125	药衡智析_增量源码交接/team_internal/06_评测/incremental_20260916/truetype_zoom_1600.png	296164	1b0c8937f3e7288e4c28c76520dce61bb26d6eca	RETAIN_BRANCH_HISTORY_OWNER_COORDINATION_ONLY
origin/main@acc469312c8366e4b0438e702a5f435779e7a125	药衡智析_增量源码交接/team_internal/06_评测/incremental_20260916/unpack_acceptance.json	1792	f44d13953e70b2c2cc39ee5b2d2f3a74e2350cd5	RETAIN_BRANCH_HISTORY_OWNER_COORDINATION_ONLY
origin/main@acc469312c8366e4b0438e702a5f435779e7a125	药衡智析_增量源码交接/team_internal/06_评测/incremental_20260916/verification.json	45238	a064501791e9965b6ea779d839fd38b2f3eeeda0	RETAIN_BRANCH_HISTORY_OWNER_COORDINATION_ONLY
origin/main@acc469312c8366e4b0438e702a5f435779e7a125	药衡智析_增量源码交接/team_internal/07_交付/artifact.json	67814	eab139c27173d0a105cfa98cad0dbfe6095cd87a	RETAIN_BRANCH_HISTORY_OWNER_COORDINATION_ONLY
origin/main@acc469312c8366e4b0438e702a5f435779e7a125	药衡智析_增量源码交接/team_internal/07_交付/业务报告/1c09c6559d164661b8fdd7694d2a49e5/benchmark.png	31990	179053e314a257cfe8fc2c8faf6271de50cabdd4	RETAIN_BRANCH_HISTORY_OWNER_COORDINATION_ONLY
origin/main@acc469312c8366e4b0438e702a5f435779e7a125	药衡智析_增量源码交接/team_internal/07_交付/业务报告/1c09c6559d164661b8fdd7694d2a49e5/machine_audit.json	187287	d25ced11cd63d2beca61c4dbbd7daa3e6576986e	RETAIN_BRANCH_HISTORY_OWNER_COORDINATION_ONLY
origin/main@acc469312c8366e4b0438e702a5f435779e7a125	药衡智析_增量源码交接/team_internal/07_交付/业务报告/1c09c6559d164661b8fdd7694d2a49e5/record.json	190652	6fa21da67e42ac64ad4f0de593b400b7298b5c1b	RETAIN_BRANCH_HISTORY_OWNER_COORDINATION_ONLY
origin/main@acc469312c8366e4b0438e702a5f435779e7a125	药衡智析_增量源码交接/team_internal/07_交付/业务报告/1c09c6559d164661b8fdd7694d2a49e5/report.docx	147983	e20cad9eeafb399dc2a4e29b49dfbd9c647edbb7	RETAIN_BRANCH_HISTORY_OWNER_COORDINATION_ONLY
origin/main@acc469312c8366e4b0438e702a5f435779e7a125	药衡智析_增量源码交接/team_internal/07_交付/业务报告/1c09c6559d164661b8fdd7694d2a49e5/report.pdf	415569	597bd03f8f6382bee5ff291d3d1eade54f8f2617	RETAIN_BRANCH_HISTORY_OWNER_COORDINATION_ONLY
origin/main@acc469312c8366e4b0438e702a5f435779e7a125	药衡智析_增量源码交接/team_internal/07_交付/业务报告/1c09c6559d164661b8fdd7694d2a49e5/structure.png	30548	4aa94101dfa9f41b699c4421c089a5d1466cb960	RETAIN_BRANCH_HISTORY_OWNER_COORDINATION_ONLY
origin/main@acc469312c8366e4b0438e702a5f435779e7a125	药衡智析_增量源码交接/team_internal/07_交付/业务报告/1c09c6559d164661b8fdd7694d2a49e5/trend.png	42509	f48f57e65c6cdccaa4892575fc4dd67b89a7fe44	RETAIN_BRANCH_HISTORY_OWNER_COORDINATION_ONLY
origin/main@acc469312c8366e4b0438e702a5f435779e7a125	药衡智析_增量源码交接/team_internal/07_交付/业务报告/1c09c6559d164661b8fdd7694d2a49e5/waterfall.png	29889	503c9a3d86ae4268e33b0ab0c02eefbf1118dffd	RETAIN_BRANCH_HISTORY_OWNER_COORDINATION_ONLY
origin/main@acc469312c8366e4b0438e702a5f435779e7a125	药衡智析_增量源码交接/team_internal/07_交付/业务报告/72af94271f7b43ea982cba06ea8839b3/benchmark.png	30905	caa2de75925588f48d09ce282c3a2f3091f65a41	RETAIN_BRANCH_HISTORY_OWNER_COORDINATION_ONLY
origin/main@acc469312c8366e4b0438e702a5f435779e7a125	药衡智析_增量源码交接/team_internal/07_交付/业务报告/72af94271f7b43ea982cba06ea8839b3/machine_audit.json	271235	b6b4e1d76cbe188938991e115263d178acc22541	RETAIN_BRANCH_HISTORY_OWNER_COORDINATION_ONLY
origin/main@acc469312c8366e4b0438e702a5f435779e7a125	药衡智析_增量源码交接/team_internal/07_交付/业务报告/72af94271f7b43ea982cba06ea8839b3/record.json	274600	c8beee791b3b1aca3801e561032f95bad3f58d7e	RETAIN_BRANCH_HISTORY_OWNER_COORDINATION_ONLY
origin/main@acc469312c8366e4b0438e702a5f435779e7a125	药衡智析_增量源码交接/team_internal/07_交付/业务报告/72af94271f7b43ea982cba06ea8839b3/report.docx	151514	3013af2c2e7d365beec367bb7c938f4037938a64	RETAIN_BRANCH_HISTORY_OWNER_COORDINATION_ONLY
origin/main@acc469312c8366e4b0438e702a5f435779e7a125	药衡智析_增量源码交接/team_internal/07_交付/业务报告/72af94271f7b43ea982cba06ea8839b3/report.pdf	454356	d739891dad753801fcfc89475d76848b74f31777	RETAIN_BRANCH_HISTORY_OWNER_COORDINATION_ONLY
origin/main@acc469312c8366e4b0438e702a5f435779e7a125	药衡智析_增量源码交接/team_internal/07_交付/业务报告/72af94271f7b43ea982cba06ea8839b3/structure.png	29597	4e9e0791975bacb9fc233dcdac02de4e64736c61	RETAIN_BRANCH_HISTORY_OWNER_COORDINATION_ONLY
origin/main@acc469312c8366e4b0438e702a5f435779e7a125	药衡智析_增量源码交接/team_internal/07_交付/业务报告/72af94271f7b43ea982cba06ea8839b3/trend.png	43971	bd02a0484af415fb5be1cf51d3c600d5dc9cc40f	RETAIN_BRANCH_HISTORY_OWNER_COORDINATION_ONLY
origin/main@acc469312c8366e4b0438e702a5f435779e7a125	药衡智析_增量源码交接/team_internal/07_交付/业务报告/72af94271f7b43ea982cba06ea8839b3/waterfall.png	32798	53486cce7b762692a9d6f892ed143c87e921b286	RETAIN_BRANCH_HISTORY_OWNER_COORDINATION_ONLY
origin/main@acc469312c8366e4b0438e702a5f435779e7a125	药衡智析_增量源码交接/team_internal/07_交付/业务报告/a2dfef9c2bfa4c6babdb7789ca6c87bd/benchmark.png	30883	6c76e314fc234649ad21e1840116ba34e1042477	RETAIN_BRANCH_HISTORY_OWNER_COORDINATION_ONLY
origin/main@acc469312c8366e4b0438e702a5f435779e7a125	药衡智析_增量源码交接/team_internal/07_交付/业务报告/a2dfef9c2bfa4c6babdb7789ca6c87bd/machine_audit.json	199329	66118d8b7cae66a63d7af71d69aa55e5ef60caf6	RETAIN_BRANCH_HISTORY_OWNER_COORDINATION_ONLY
origin/main@acc469312c8366e4b0438e702a5f435779e7a125	药衡智析_增量源码交接/team_internal/07_交付/业务报告/a2dfef9c2bfa4c6babdb7789ca6c87bd/record.json	202694	12d6731e390e2636846c2173337c90d1a3f1da45	RETAIN_BRANCH_HISTORY_OWNER_COORDINATION_ONLY
origin/main@acc469312c8366e4b0438e702a5f435779e7a125	药衡智析_增量源码交接/team_internal/07_交付/业务报告/a2dfef9c2bfa4c6babdb7789ca6c87bd/report.docx	145625	64c4e386d78039e939d0721ac816bbf2df52d8ab	RETAIN_BRANCH_HISTORY_OWNER_COORDINATION_ONLY
origin/main@acc469312c8366e4b0438e702a5f435779e7a125	药衡智析_增量源码交接/team_internal/07_交付/业务报告/a2dfef9c2bfa4c6babdb7789ca6c87bd/report.pdf	429256	dd825af67380027c99ea3894dc9f96fc2b5edcda	RETAIN_BRANCH_HISTORY_OWNER_COORDINATION_ONLY
origin/main@acc469312c8366e4b0438e702a5f435779e7a125	药衡智析_增量源码交接/team_internal/07_交付/业务报告/a2dfef9c2bfa4c6babdb7789ca6c87bd/structure.png	30642	0c8e10b12bd54598f054d33eed87360117e0191c	RETAIN_BRANCH_HISTORY_OWNER_COORDINATION_ONLY
origin/main@acc469312c8366e4b0438e702a5f435779e7a125	药衡智析_增量源码交接/team_internal/07_交付/业务报告/a2dfef9c2bfa4c6babdb7789ca6c87bd/trend.png	39090	9656ff9806b1949fb95ff795feb9c1d9c12d2033	RETAIN_BRANCH_HISTORY_OWNER_COORDINATION_ONLY
origin/main@acc469312c8366e4b0438e702a5f435779e7a125	药衡智析_增量源码交接/team_internal/07_交付/业务报告/a2dfef9c2bfa4c6babdb7789ca6c87bd/waterfall.png	31298	9130ff9372f13bdb2110c00fe660140e5a8037e0	RETAIN_BRANCH_HISTORY_OWNER_COORDINATION_ONLY
origin/main@acc469312c8366e4b0438e702a5f435779e7a125	药衡智析_增量源码交接/team_internal/07_交付/业务报告/e7ff529220394ef4a8affc049014c366/benchmark.png	36306	db0b7be432860635218cb5d618238af54773cf4e	RETAIN_BRANCH_HISTORY_OWNER_COORDINATION_ONLY
origin/main@acc469312c8366e4b0438e702a5f435779e7a125	药衡智析_增量源码交接/team_internal/07_交付/业务报告/e7ff529220394ef4a8affc049014c366/machine_audit.json	212848	4cb1a01bcd7a711bde8a4f9d2401673a42ed41fc	RETAIN_BRANCH_HISTORY_OWNER_COORDINATION_ONLY
origin/main@acc469312c8366e4b0438e702a5f435779e7a125	药衡智析_增量源码交接/team_internal/07_交付/业务报告/e7ff529220394ef4a8affc049014c366/record.json	216213	8de1c5fb2e3af7eda69d801d91a4909981e12416	RETAIN_BRANCH_HISTORY_OWNER_COORDINATION_ONLY
origin/main@acc469312c8366e4b0438e702a5f435779e7a125	药衡智析_增量源码交接/team_internal/07_交付/业务报告/e7ff529220394ef4a8affc049014c366/report.docx	148108	04f7d6535698158ab4c31502ba67922a7cfc1f07	RETAIN_BRANCH_HISTORY_OWNER_COORDINATION_ONLY
origin/main@acc469312c8366e4b0438e702a5f435779e7a125	药衡智析_增量源码交接/team_internal/07_交付/业务报告/e7ff529220394ef4a8affc049014c366/report.pdf	436418	5b2fb96ad3d764804ac80f36df79644ef73e202d	RETAIN_BRANCH_HISTORY_OWNER_COORDINATION_ONLY
origin/main@acc469312c8366e4b0438e702a5f435779e7a125	药衡智析_增量源码交接/team_internal/07_交付/业务报告/e7ff529220394ef4a8affc049014c366/structure.png	32575	c884bc91344e35682852ec1cde0410384d13521f	RETAIN_BRANCH_HISTORY_OWNER_COORDINATION_ONLY
origin/main@acc469312c8366e4b0438e702a5f435779e7a125	药衡智析_增量源码交接/team_internal/07_交付/业务报告/e7ff529220394ef4a8affc049014c366/trend.png	34424	4bb65e2ab3e88938f5910ca9308fbf0bebbf6650	RETAIN_BRANCH_HISTORY_OWNER_COORDINATION_ONLY
origin/main@acc469312c8366e4b0438e702a5f435779e7a125	药衡智析_增量源码交接/team_internal/07_交付/业务报告/e7ff529220394ef4a8affc049014c366/waterfall.png	31437	faec93982441e9ae28609d199e3aa3aa3cc68295	RETAIN_BRANCH_HISTORY_OWNER_COORDINATION_ONLY
origin/main@acc469312c8366e4b0438e702a5f435779e7a125	药衡智析_增量源码交接/team_internal/07_交付/药析证链_制药成本智能分析一等奖方案.html	435436	776d801ee98f85fa40c50a5406342c66a357b101	RETAIN_BRANCH_HISTORY_OWNER_COORDINATION_ONLY
origin/main@acc469312c8366e4b0438e702a5f435779e7a125	药衡智析_增量源码交接/team_internal/90_工具/build_report_artifact.js	33228	a73bbd3b996f8ff5027c2baa030d864dac4afb02	RETAIN_BRANCH_HISTORY_OWNER_COORDINATION_ONLY
origin/main@acc469312c8366e4b0438e702a5f435779e7a125	药衡智析_增量源码交接/team_internal/90_工具/execute_notebook_simple.py	3127	e42a376decb8b3b502962069b486c08b41fc63f3	RETAIN_BRANCH_HISTORY_OWNER_COORDINATION_ONLY
origin/main@acc469312c8366e4b0438e702a5f435779e7a125	药衡智析_增量源码交接/team_internal/90_工具/pharma_prepare_and_analyze.py	29400	29597a4ab9ff1abb0776f8da3bb6ea5f6444f7a5	RETAIN_BRANCH_HISTORY_OWNER_COORDINATION_ONLY
origin/main@acc469312c8366e4b0438e702a5f435779e7a125	药衡智析_增量源码交接/team_internal/90_工具/validate_report_queries.py	1315	481ff5c7401394a148becef4474b5391454ea8d0	RETAIN_BRANCH_HISTORY_OWNER_COORDINATION_ONLY
